,Theta/Phi,Loss,Accuracy
0,0.0,0.0,72.36249999999998
1,0.0,0.02564102564102564,72.2875
2,0.0,0.05128205128205128,72.2875
3,0.0,0.07692307692307693,72.20000000000002
4,0.0,0.10256410256410256,72.27500000000002
5,0.0,0.1282051282051282,72.33750000000002
6,0.0,0.15384615384615385,72.29999999999998
7,0.0,0.1794871794871795,72.22499999999998
8,0.0,0.20512820512820512,72.0625
9,0.0,0.23076923076923075,72.0625
10,0.0,0.2564102564102564,71.95000000000002
11,0.0,0.28205128205128205,72.025
12,0.0,0.3076923076923077,71.92499999999998
13,0.0,0.3333333333333333,71.9875
14,0.0,0.358974358974359,71.85
15,0.0,0.3846153846153846,71.88750000000002
16,0.0,0.41025641025641024,71.63750000000002
17,0.0,0.4358974358974359,71.38750000000002
18,0.0,0.4615384615384615,71.21250000000002
19,0.0,0.48717948717948717,71.125
20,0.0,0.5128205128205128,70.9625
21,0.0,0.5384615384615384,70.57500000000002
22,0.0,0.5641025641025641,70.45000000000002
23,0.0,0.5897435897435898,70.23749999999998
24,0.0,0.6153846153846154,69.8375
25,0.0,0.641025641025641,69.58750000000002
26,0.0,0.6666666666666666,69.34999999999998
27,0.0,0.6923076923076923,69.02500000000002
28,0.0,0.717948717948718,68.71250000000002
29,0.0,0.7435897435897436,68.6
30,0.0,0.7692307692307692,68.5
31,0.0,0.7948717948717948,68.275
32,0.0,0.8205128205128205,68.1625
33,0.0,0.8461538461538461,67.82500000000002
34,0.0,0.8717948717948718,67.625
35,0.0,0.8974358974358974,67.46250000000002
36,0.0,0.923076923076923,67.01250000000002
37,0.0,0.9487179487179487,66.90000000000002
38,0.0,0.9743589743589743,66.67499999999998
39,0.0,1.0,66.34999999999998
40,0.025641025641666666,0.0,71.013125
41,0.025641025641666666,0.02564102564102564,71.01125
42,0.025641025641666666,0.05128205128205128,71.03937499999999
43,0.025641025641666666,0.07692307692307693,71.05812499999999
44,0.025641025641666666,0.10256410256410256,71.06562500000001
45,0.025641025641666666,0.1282051282051282,71.04125
46,0.025641025641666666,0.15384615384615385,71.00875
47,0.025641025641666666,0.1794871794871795,70.97562500000001
48,0.025641025641666666,0.20512820512820512,70.954375
49,0.025641025641666666,0.23076923076923075,70.94500000000001
50,0.025641025641666666,0.2564102564102564,70.9125
51,0.025641025641666666,0.28205128205128205,70.884375
52,0.025641025641666666,0.3076923076923077,70.8025
53,0.025641025641666666,0.3333333333333333,70.73125
54,0.025641025641666666,0.358974358974359,70.670625
55,0.025641025641666666,0.3846153846153846,70.628125
56,0.025641025641666666,0.41025641025641024,70.56812500000001
57,0.025641025641666666,0.4358974358974359,70.46187499999999
58,0.025641025641666666,0.4615384615384615,70.32812499999999
59,0.025641025641666666,0.48717948717948717,70.21000000000001
60,0.025641025641666666,0.5128205128205128,70.09625
61,0.025641025641666666,0.5384615384615384,69.95062499999999
62,0.025641025641666666,0.5641025641025641,69.76375
63,0.025641025641666666,0.5897435897435898,69.63250000000001
64,0.025641025641666666,0.6153846153846154,69.491875
65,0.025641025641666666,0.641025641025641,69.37625
66,0.025641025641666666,0.6666666666666666,69.2375
67,0.025641025641666666,0.6923076923076923,69.11937500000002
68,0.025641025641666666,0.717948717948718,68.911875
69,0.025641025641666666,0.7435897435897436,68.766875
70,0.025641025641666666,0.7692307692307692,68.57312499999999
71,0.025641025641666666,0.7948717948717948,68.363125
72,0.025641025641666666,0.8205128205128205,68.13062499999998
73,0.025641025641666666,0.8461538461538461,67.886875
74,0.025641025641666666,0.8717948717948718,67.615
75,0.025641025641666666,0.8974358974358974,67.336875
76,0.025641025641666666,0.923076923076923,67.093125
77,0.025641025641666666,0.9487179487179487,66.79625000000001
78,0.025641025641666666,0.9743589743589743,66.514375
79,0.025641025641666666,1.0,66.24125000000001
80,0.05128205128333333,0.0,68.09375
81,0.05128205128333333,0.02564102564102564,68.12375
82,0.05128205128333333,0.05128205128205128,68.15937499999998
83,0.05128205128333333,0.07692307692307693,68.1825
84,0.05128205128333333,0.10256410256410256,68.23687500000001
85,0.05128205128333333,0.1282051282051282,68.28187499999999
86,0.05128205128333333,0.15384615384615385,68.30187500000001
87,0.05128205128333333,0.1794871794871795,68.32625
88,0.05128205128333333,0.20512820512820512,68.36500000000001
89,0.05128205128333333,0.23076923076923075,68.358125
90,0.05128205128333333,0.2564102564102564,68.343125
91,0.05128205128333333,0.28205128205128205,68.34375
92,0.05128205128333333,0.3076923076923077,68.29687500000001
93,0.05128205128333333,0.3333333333333333,68.28375
94,0.05128205128333333,0.358974358974359,68.2425
95,0.05128205128333333,0.3846153846153846,68.19874999999999
96,0.05128205128333333,0.41025641025641024,68.17562500000001
97,0.05128205128333333,0.4358974358974359,68.120625
98,0.05128205128333333,0.4615384615384615,68.08875
99,0.05128205128333333,0.48717948717948717,68.025
100,0.05128205128333333,0.5128205128205128,67.959375
101,0.05128205128333333,0.5384615384615384,67.91499999999999
102,0.05128205128333333,0.5641025641025641,67.878125
103,0.05128205128333333,0.5897435897435898,67.793125
104,0.05128205128333333,0.6153846153846154,67.708125
105,0.05128205128333333,0.641025641025641,67.63
106,0.05128205128333333,0.6666666666666666,67.55000000000001
107,0.05128205128333333,0.6923076923076923,67.44562499999999
108,0.05128205128333333,0.717948717948718,67.34
109,0.05128205128333333,0.7435897435897436,67.19875
110,0.05128205128333333,0.7692307692307692,67.10125000000002
111,0.05128205128333333,0.7948717948717948,66.98874999999998
112,0.05128205128333333,0.8205128205128205,66.834375
113,0.05128205128333333,0.8461538461538461,66.685625
114,0.05128205128333333,0.8717948717948718,66.530625
115,0.05128205128333333,0.8974358974358974,66.361875
116,0.05128205128333333,0.923076923076923,66.2075
117,0.05128205128333333,0.9487179487179487,66.03437499999998
118,0.05128205128333333,0.9743589743589743,65.83875000000002
119,0.05128205128333333,1.0,65.63312499999999
120,0.076923076925,0.0,64.62875
121,0.076923076925,0.02564102564102564,64.67875000000001
122,0.076923076925,0.05128205128205128,64.77937499999999
123,0.076923076925,0.07692307692307693,64.85125000000001
124,0.076923076925,0.10256410256410256,64.89812500000001
125,0.076923076925,0.1282051282051282,64.94874999999999
126,0.076923076925,0.15384615384615385,65.00187500000001
127,0.076923076925,0.1794871794871795,65.061875
128,0.076923076925,0.20512820512820512,65.086875
129,0.076923076925,0.23076923076923075,65.13624999999999
130,0.076923076925,0.2564102564102564,65.169375
131,0.076923076925,0.28205128205128205,65.20062499999999
132,0.076923076925,0.3076923076923077,65.23124999999999
133,0.076923076925,0.3333333333333333,65.268125
134,0.076923076925,0.358974358974359,65.304375
135,0.076923076925,0.3846153846153846,65.3475
136,0.076923076925,0.41025641025641024,65.32249999999999
137,0.076923076925,0.4358974358974359,65.329375
138,0.076923076925,0.4615384615384615,65.33000000000001
139,0.076923076925,0.48717948717948717,65.32812499999999
140,0.076923076925,0.5128205128205128,65.3375
141,0.076923076925,0.5384615384615384,65.324375
142,0.076923076925,0.5641025641025641,65.30562499999999
143,0.076923076925,0.5897435897435898,65.28812500000001
144,0.076923076925,0.6153846153846154,65.251875
145,0.076923076925,0.641025641025641,65.2125
146,0.076923076925,0.6666666666666666,65.18062499999999
147,0.076923076925,0.6923076923076923,65.11937500000002
148,0.076923076925,0.717948717948718,65.05187500000001
149,0.076923076925,0.7435897435897436,64.9975
150,0.076923076925,0.7692307692307692,64.900625
151,0.076923076925,0.7948717948717948,64.82124999999999
152,0.076923076925,0.8205128205128205,64.74437499999999
153,0.076923076925,0.8461538461538461,64.688125
154,0.076923076925,0.8717948717948718,64.58625
155,0.076923076925,0.8974358974358974,64.48625
156,0.076923076925,0.923076923076923,64.40125
157,0.076923076925,0.9487179487179487,64.35187499999998
158,0.076923076925,0.9743589743589743,64.258125
159,0.076923076925,1.0,64.136875
160,0.10256410256666666,0.0,61.46500000000001
161,0.10256410256666666,0.02564102564102564,61.54625
162,0.10256410256666666,0.05128205128205128,61.64499999999998
163,0.10256410256666666,0.07692307692307693,61.74187500000001
164,0.10256410256666666,0.10256410256410256,61.804375000000014
165,0.10256410256666666,0.1282051282051282,61.85187499999999
166,0.10256410256666666,0.15384615384615385,61.91687499999999
167,0.10256410256666666,0.1794871794871795,61.985
168,0.10256410256666666,0.20512820512820512,62.05687499999998
169,0.10256410256666666,0.23076923076923075,62.13249999999998
170,0.10256410256666666,0.2564102564102564,62.16624999999999
171,0.10256410256666666,0.28205128205128205,62.234375
172,0.10256410256666666,0.3076923076923077,62.31624999999999
173,0.10256410256666666,0.3333333333333333,62.3725
174,0.10256410256666666,0.358974358974359,62.410000000000004
175,0.10256410256666666,0.3846153846153846,62.471875
176,0.10256410256666666,0.41025641025641024,62.495625
177,0.10256410256666666,0.4358974358974359,62.53187499999999
178,0.10256410256666666,0.4615384615384615,62.55499999999999
179,0.10256410256666666,0.48717948717948717,62.598125
180,0.10256410256666666,0.5128205128205128,62.646249999999995
181,0.10256410256666666,0.5384615384615384,62.66875
182,0.10256410256666666,0.5641025641025641,62.699374999999996
183,0.10256410256666666,0.5897435897435898,62.73375
184,0.10256410256666666,0.6153846153846154,62.77375000000001
185,0.10256410256666666,0.641025641025641,62.819375
186,0.10256410256666666,0.6666666666666666,62.86062499999999
187,0.10256410256666666,0.6923076923076923,62.85999999999999
188,0.10256410256666666,0.717948717948718,62.844375
189,0.10256410256666666,0.7435897435897436,62.835
190,0.10256410256666666,0.7692307692307692,62.811875
191,0.10256410256666666,0.7948717948717948,62.75625
192,0.10256410256666666,0.8205128205128205,62.707499999999996
193,0.10256410256666666,0.8461538461538461,62.62750000000001
194,0.10256410256666666,0.8717948717948718,62.615625
195,0.10256410256666666,0.8974358974358974,62.575
196,0.10256410256666666,0.923076923076923,62.561249999999994
197,0.10256410256666666,0.9487179487179487,62.504375
198,0.10256410256666666,0.9743589743589743,62.46062500000001
199,0.10256410256666666,1.0,62.409375
200,0.12820512820833332,0.0,58.963750000000005
201,0.12820512820833332,0.02564102564102564,59.0375
202,0.12820512820833332,0.05128205128205128,59.10187499999999
203,0.12820512820833332,0.07692307692307693,59.17937500000001
204,0.12820512820833332,0.10256410256410256,59.282500000000006
205,0.12820512820833332,0.1282051282051282,59.35875
206,0.12820512820833332,0.15384615384615385,59.44
207,0.12820512820833332,0.1794871794871795,59.501250000000006
208,0.12820512820833332,0.20512820512820512,59.57125
209,0.12820512820833332,0.23076923076923075,59.63687500000001
210,0.12820512820833332,0.2564102564102564,59.720000000000006
211,0.12820512820833332,0.28205128205128205,59.780624999999986
212,0.12820512820833332,0.3076923076923077,59.83125
213,0.12820512820833332,0.3333333333333333,59.885000000000005
214,0.12820512820833332,0.358974358974359,59.95375
215,0.12820512820833332,0.3846153846153846,60.00312500000001
216,0.12820512820833332,0.41025641025641024,60.060625
217,0.12820512820833332,0.4358974358974359,60.141875000000006
218,0.12820512820833332,0.4615384615384615,60.209375
219,0.12820512820833332,0.48717948717948717,60.281249999999986
220,0.12820512820833332,0.5128205128205128,60.32125
221,0.12820512820833332,0.5384615384615384,60.407500000000006
222,0.12820512820833332,0.5641025641025641,60.469375
223,0.12820512820833332,0.5897435897435898,60.51875
224,0.12820512820833332,0.6153846153846154,60.54625
225,0.12820512820833332,0.641025641025641,60.600624999999994
226,0.12820512820833332,0.6666666666666666,60.665
227,0.12820512820833332,0.6923076923076923,60.70125
228,0.12820512820833332,0.717948717948718,60.72937499999999
229,0.12820512820833332,0.7435897435897436,60.740625
230,0.12820512820833332,0.7692307692307692,60.751875
231,0.12820512820833332,0.7948717948717948,60.78125
232,0.12820512820833332,0.8205128205128205,60.828124999999986
233,0.12820512820833332,0.8461538461538461,60.84625
234,0.12820512820833332,0.8717948717948718,60.841874999999995
235,0.12820512820833332,0.8974358974358974,60.82062500000001
236,0.12820512820833332,0.923076923076923,60.82750000000001
237,0.12820512820833332,0.9487179487179487,60.802499999999995
238,0.12820512820833332,0.9743589743589743,60.779374999999995
239,0.12820512820833332,1.0,60.803125
240,0.15384615385,0.0,57.28249999999999
241,0.15384615385,0.02564102564102564,57.32062500000001
242,0.15384615385,0.05128205128205128,57.370000000000005
243,0.15384615385,0.07692307692307693,57.428749999999994
244,0.15384615385,0.10256410256410256,57.498749999999994
245,0.15384615385,0.1282051282051282,57.56500000000001
246,0.15384615385,0.15384615384615385,57.597500000000004
247,0.15384615385,0.1794871794871795,57.67750000000001
248,0.15384615385,0.20512820512820512,57.735
249,0.15384615385,0.23076923076923075,57.76812499999998
250,0.15384615385,0.2564102564102564,57.841874999999995
251,0.15384615385,0.28205128205128205,57.89187499999999
252,0.15384615385,0.3076923076923077,57.97125000000001
253,0.15384615385,0.3333333333333333,58.01874999999999
254,0.15384615385,0.358974358974359,58.052499999999995
255,0.15384615385,0.3846153846153846,58.10999999999999
256,0.15384615385,0.41025641025641024,58.146875
257,0.15384615385,0.4358974358974359,58.218125
258,0.15384615385,0.4615384615384615,58.24499999999999
259,0.15384615385,0.48717948717948717,58.313125000000014
260,0.15384615385,0.5128205128205128,58.385625000000005
261,0.15384615385,0.5384615384615384,58.459375
262,0.15384615385,0.5641025641025641,58.5175
263,0.15384615385,0.5897435897435898,58.55437500000001
264,0.15384615385,0.6153846153846154,58.604375000000005
265,0.15384615385,0.641025641025641,58.64375
266,0.15384615385,0.6666666666666666,58.70250000000001
267,0.15384615385,0.6923076923076923,58.775
268,0.15384615385,0.717948717948718,58.84499999999999
269,0.15384615385,0.7435897435897436,58.92375
270,0.15384615385,0.7692307692307692,58.98375000000001
271,0.15384615385,0.7948717948717948,59.01250000000001
272,0.15384615385,0.8205128205128205,59.065625
273,0.15384615385,0.8461538461538461,59.099374999999995
274,0.15384615385,0.8717948717948718,59.14437500000001
275,0.15384615385,0.8974358974358974,59.165625
276,0.15384615385,0.923076923076923,59.19812499999999
277,0.15384615385,0.9487179487179487,59.23375000000001
278,0.15384615385,0.9743589743589743,59.27812499999999
279,0.15384615385,1.0,59.32375
280,0.17948717949166665,0.0,55.993125
281,0.17948717949166665,0.02564102564102564,56.01875
282,0.17948717949166665,0.05128205128205128,56.048750000000005
283,0.17948717949166665,0.07692307692307693,56.08
284,0.17948717949166665,0.10256410256410256,56.123749999999994
285,0.17948717949166665,0.1282051282051282,56.1625
286,0.17948717949166665,0.15384615384615385,56.18125
287,0.17948717949166665,0.1794871794871795,56.23125
288,0.17948717949166665,0.20512820512820512,56.240625
289,0.17948717949166665,0.23076923076923075,56.26625
290,0.17948717949166665,0.2564102564102564,56.294375
291,0.17948717949166665,0.28205128205128205,56.345625000000005
292,0.17948717949166665,0.3076923076923077,56.376875000000005
293,0.17948717949166665,0.3333333333333333,56.408125
294,0.17948717949166665,0.358974358974359,56.455000000000005
295,0.17948717949166665,0.3846153846153846,56.50374999999999
296,0.17948717949166665,0.41025641025641024,56.579375000000006
297,0.17948717949166665,0.4358974358974359,56.63375
298,0.17948717949166665,0.4615384615384615,56.69312499999999
299,0.17948717949166665,0.48717948717948717,56.75062499999999
300,0.17948717949166665,0.5128205128205128,56.825
301,0.17948717949166665,0.5384615384615384,56.87937500000002
302,0.17948717949166665,0.5641025641025641,56.93125
303,0.17948717949166665,0.5897435897435898,56.97375000000001
304,0.17948717949166665,0.6153846153846154,57.01312500000002
305,0.17948717949166665,0.641025641025641,57.09125
306,0.17948717949166665,0.6666666666666666,57.156875
307,0.17948717949166665,0.6923076923076923,57.21250000000001
308,0.17948717949166665,0.717948717948718,57.271875
309,0.17948717949166665,0.7435897435897436,57.323125000000005
310,0.17948717949166665,0.7692307692307692,57.38125
311,0.17948717949166665,0.7948717948717948,57.45624999999999
312,0.17948717949166665,0.8205128205128205,57.527499999999996
313,0.17948717949166665,0.8461538461538461,57.607499999999995
314,0.17948717949166665,0.8717948717948718,57.686875
315,0.17948717949166665,0.8974358974358974,57.754375
316,0.17948717949166665,0.923076923076923,57.79875
317,0.17948717949166665,0.9487179487179487,57.84000000000001
318,0.17948717949166665,0.9743589743589743,57.919375
319,0.17948717949166665,1.0,57.978125
320,0.20512820513333332,0.0,54.853125
321,0.20512820513333332,0.02564102564102564,54.846875
322,0.20512820513333332,0.05128205128205128,54.84124999999999
323,0.20512820513333332,0.07692307692307693,54.85374999999999
324,0.20512820513333332,0.10256410256410256,54.86125
325,0.20512820513333332,0.1282051282051282,54.863749999999996
326,0.20512820513333332,0.15384615384615385,54.881874999999994
327,0.20512820513333332,0.1794871794871795,54.888749999999995
328,0.20512820513333332,0.20512820512820512,54.9
329,0.20512820513333332,0.23076923076923075,54.91375000000001
330,0.20512820513333332,0.2564102564102564,54.941875
331,0.20512820513333332,0.28205128205128205,54.973749999999995
332,0.20512820513333332,0.3076923076923077,55.01875
333,0.20512820513333332,0.3333333333333333,55.055625
334,0.20512820513333332,0.358974358974359,55.105624999999996
335,0.20512820513333332,0.3846153846153846,55.15562500000001
336,0.20512820513333332,0.41025641025641024,55.20937500000001
337,0.20512820513333332,0.4358974358974359,55.238125000000004
338,0.20512820513333332,0.4615384615384615,55.290625
339,0.20512820513333332,0.48717948717948717,55.35875000000001
340,0.20512820513333332,0.5128205128205128,55.436875
341,0.20512820513333332,0.5384615384615384,55.4825
342,0.20512820513333332,0.5641025641025641,55.565625
343,0.20512820513333332,0.5897435897435898,55.629375
344,0.20512820513333332,0.6153846153846154,55.684375
345,0.20512820513333332,0.641025641025641,55.7625
346,0.20512820513333332,0.6666666666666666,55.823750000000004
347,0.20512820513333332,0.6923076923076923,55.8925
348,0.20512820513333332,0.717948717948718,55.973749999999995
349,0.20512820513333332,0.7435897435897436,56.02
350,0.20512820513333332,0.7692307692307692,56.06562500000001
351,0.20512820513333332,0.7948717948717948,56.16624999999999
352,0.20512820513333332,0.8205128205128205,56.222500000000004
353,0.20512820513333332,0.8461538461538461,56.311249999999994
354,0.20512820513333332,0.8717948717948718,56.38375
355,0.20512820513333332,0.8974358974358974,56.46562499999999
356,0.20512820513333332,0.923076923076923,56.55
357,0.20512820513333332,0.9487179487179487,56.631874999999994
358,0.20512820513333332,0.9743589743589743,56.750625
359,0.20512820513333332,1.0,56.81312499999999
360,0.230769230775,0.0,53.86625
361,0.230769230775,0.02564102564102564,53.844375000000014
362,0.230769230775,0.05128205128205128,53.833749999999995
363,0.230769230775,0.07692307692307693,53.827499999999986
364,0.230769230775,0.10256410256410256,53.810624999999995
365,0.230769230775,0.1282051282051282,53.788125
366,0.230769230775,0.15384615384615385,53.806875000000005
367,0.230769230775,0.1794871794871795,53.79625
368,0.230769230775,0.20512820512820512,53.811874999999986
369,0.230769230775,0.23076923076923075,53.814375
370,0.230769230775,0.2564102564102564,53.825625
371,0.230769230775,0.28205128205128205,53.855624999999996
372,0.230769230775,0.3076923076923077,53.870000000000005
373,0.230769230775,0.3333333333333333,53.89875000000001
374,0.230769230775,0.358974358974359,53.92
375,0.230769230775,0.3846153846153846,53.963125000000005
376,0.230769230775,0.41025641025641024,54.01125
377,0.230769230775,0.4358974358974359,54.04625
378,0.230769230775,0.4615384615384615,54.114374999999995
379,0.230769230775,0.48717948717948717,54.152499999999996
380,0.230769230775,0.5128205128205128,54.2
381,0.230769230775,0.5384615384615384,54.239999999999995
382,0.230769230775,0.5641025641025641,54.28437499999999
383,0.230769230775,0.5897435897435898,54.34125
384,0.230769230775,0.6153846153846154,54.41250000000001
385,0.230769230775,0.641025641025641,54.506875
386,0.230769230775,0.6666666666666666,54.583124999999995
387,0.230769230775,0.6923076923076923,54.646875
388,0.230769230775,0.717948717948718,54.722500000000004
389,0.230769230775,0.7435897435897436,54.800625000000004
390,0.230769230775,0.7692307692307692,54.885625000000005
391,0.230769230775,0.7948717948717948,54.99187499999999
392,0.230769230775,0.8205128205128205,55.04812499999999
393,0.230769230775,0.8461538461538461,55.14000000000001
394,0.230769230775,0.8717948717948718,55.2375
395,0.230769230775,0.8974358974358974,55.310625
396,0.230769230775,0.923076923076923,55.40749999999999
397,0.230769230775,0.9487179487179487,55.493125
398,0.230769230775,0.9743589743589743,55.60312500000001
399,0.230769230775,1.0,55.714999999999996
400,0.25641025641666665,0.0,53.1
401,0.25641025641666665,0.02564102564102564,53.072500000000005
402,0.25641025641666665,0.05128205128205128,53.061249999999994
403,0.25641025641666665,0.07692307692307693,53.04875
404,0.25641025641666665,0.10256410256410256,53.010625000000005
405,0.25641025641666665,0.1282051282051282,52.99937500000001
406,0.25641025641666665,0.15384615384615385,52.9775
407,0.25641025641666665,0.1794871794871795,52.95062499999999
408,0.25641025641666665,0.20512820512820512,52.94499999999999
409,0.25641025641666665,0.23076923076923075,52.96125000000001
410,0.25641025641666665,0.2564102564102564,52.98312500000001
411,0.25641025641666665,0.28205128205128205,52.979375000000005
412,0.25641025641666665,0.3076923076923077,52.975625
413,0.25641025641666665,0.3333333333333333,52.98375000000001
414,0.25641025641666665,0.358974358974359,53.021249999999995
415,0.25641025641666665,0.3846153846153846,53.025
416,0.25641025641666665,0.41025641025641024,53.057500000000005
417,0.25641025641666665,0.4358974358974359,53.07375
418,0.25641025641666665,0.4615384615384615,53.11375
419,0.25641025641666665,0.48717948717948717,53.1475
420,0.25641025641666665,0.5128205128205128,53.152499999999996
421,0.25641025641666665,0.5384615384615384,53.205000000000005
422,0.25641025641666665,0.5641025641025641,53.24625000000001
423,0.25641025641666665,0.5897435897435898,53.29625000000001
424,0.25641025641666665,0.6153846153846154,53.356875
425,0.25641025641666665,0.641025641025641,53.411249999999995
426,0.25641025641666665,0.6666666666666666,53.48062499999999
427,0.25641025641666665,0.6923076923076923,53.55
428,0.25641025641666665,0.717948717948718,53.615625
429,0.25641025641666665,0.7435897435897436,53.690625
430,0.25641025641666665,0.7692307692307692,53.765
431,0.25641025641666665,0.7948717948717948,53.85625000000001
432,0.25641025641666665,0.8205128205128205,53.933749999999996
433,0.25641025641666665,0.8461538461538461,54.019999999999996
434,0.25641025641666665,0.8717948717948718,54.11062499999999
435,0.25641025641666665,0.8974358974358974,54.198125000000005
436,0.25641025641666665,0.923076923076923,54.28499999999999
437,0.25641025641666665,0.9487179487179487,54.358749999999986
438,0.25641025641666665,0.9743589743589743,54.435
439,0.25641025641666665,1.0,54.549375
440,0.2820512820583333,0.0,52.55
441,0.2820512820583333,0.02564102564102564,52.518125
442,0.2820512820583333,0.05128205128205128,52.485
443,0.2820512820583333,0.07692307692307693,52.46062500000001
444,0.2820512820583333,0.10256410256410256,52.436249999999994
445,0.2820512820583333,0.1282051282051282,52.42
446,0.2820512820583333,0.15384615384615385,52.399375
447,0.2820512820583333,0.1794871794871795,52.39874999999999
448,0.2820512820583333,0.20512820512820512,52.395624999999995
449,0.2820512820583333,0.23076923076923075,52.379999999999995
450,0.2820512820583333,0.2564102564102564,52.385000000000005
451,0.2820512820583333,0.28205128205128205,52.370625
452,0.2820512820583333,0.3076923076923077,52.38875
453,0.2820512820583333,0.3333333333333333,52.394375000000004
454,0.2820512820583333,0.358974358974359,52.415
455,0.2820512820583333,0.3846153846153846,52.42875
456,0.2820512820583333,0.41025641025641024,52.446875
457,0.2820512820583333,0.4358974358974359,52.470625
458,0.2820512820583333,0.4615384615384615,52.47687499999999
459,0.2820512820583333,0.48717948717948717,52.47687499999999
460,0.2820512820583333,0.5128205128205128,52.489374999999995
461,0.2820512820583333,0.5384615384615384,52.55
462,0.2820512820583333,0.5641025641025641,52.57687500000001
463,0.2820512820583333,0.5897435897435898,52.623124999999995
464,0.2820512820583333,0.6153846153846154,52.66562499999999
465,0.2820512820583333,0.641025641025641,52.7325
466,0.2820512820583333,0.6666666666666666,52.778125
467,0.2820512820583333,0.6923076923076923,52.822500000000005
468,0.2820512820583333,0.717948717948718,52.87624999999999
469,0.2820512820583333,0.7435897435897436,52.925
470,0.2820512820583333,0.7692307692307692,52.995625
471,0.2820512820583333,0.7948717948717948,53.048125000000006
472,0.2820512820583333,0.8205128205128205,53.120625
473,0.2820512820583333,0.8461538461538461,53.20625
474,0.2820512820583333,0.8717948717948718,53.291250000000005
475,0.2820512820583333,0.8974358974358974,53.370000000000005
476,0.2820512820583333,0.923076923076923,53.473125
477,0.2820512820583333,0.9487179487179487,53.58375000000001
478,0.2820512820583333,0.9743589743589743,53.64124999999999
479,0.2820512820583333,1.0,53.728125
480,0.3076923077,0.0,52.183749999999996
481,0.3076923077,0.02564102564102564,52.169375
482,0.3076923077,0.05128205128205128,52.14000000000001
483,0.3076923077,0.07692307692307693,52.09937500000001
484,0.3076923077,0.10256410256410256,52.078125
485,0.3076923077,0.1282051282051282,52.058749999999996
486,0.3076923077,0.15384615384615385,52.04375
487,0.3076923077,0.1794871794871795,52.04937500000001
488,0.3076923077,0.20512820512820512,52.0475
489,0.3076923077,0.23076923076923075,52.026250000000005
490,0.3076923077,0.2564102564102564,52.021249999999995
491,0.3076923077,0.28205128205128205,52.013125
492,0.3076923077,0.3076923076923077,52.01437500000001
493,0.3076923077,0.3333333333333333,52.004999999999995
494,0.3076923077,0.358974358974359,52.0175
495,0.3076923077,0.3846153846153846,52.031875
496,0.3076923077,0.41025641025641024,52.04562500000001
497,0.3076923077,0.4358974358974359,52.05125
498,0.3076923077,0.4615384615384615,52.07375
499,0.3076923077,0.48717948717948717,52.11312499999999
500,0.3076923077,0.5128205128205128,52.128125
501,0.3076923077,0.5384615384615384,52.18499999999999
502,0.3076923077,0.5641025641025641,52.21750000000001
503,0.3076923077,0.5897435897435898,52.266875000000006
504,0.3076923077,0.6153846153846154,52.33125
505,0.3076923077,0.641025641025641,52.381875
506,0.3076923077,0.6666666666666666,52.440625
507,0.3076923077,0.6923076923076923,52.475625
508,0.3076923077,0.717948717948718,52.538125
509,0.3076923077,0.7435897435897436,52.57375
510,0.3076923077,0.7692307692307692,52.623125
511,0.3076923077,0.7948717948717948,52.696875
512,0.3076923077,0.8205128205128205,52.7525
513,0.3076923077,0.8461538461538461,52.833749999999995
514,0.3076923077,0.8717948717948718,52.91125000000001
515,0.3076923077,0.8974358974358974,52.99187499999999
516,0.3076923077,0.923076923076923,53.075
517,0.3076923077,0.9487179487179487,53.16624999999999
518,0.3076923077,0.9743589743589743,53.234375
519,0.3076923077,1.0,53.30625
520,0.33333333334166665,0.0,51.936249999999994
521,0.33333333334166665,0.02564102564102564,51.90999999999999
522,0.33333333334166665,0.05128205128205128,51.88499999999999
523,0.33333333334166665,0.07692307692307693,51.85187499999999
524,0.33333333334166665,0.10256410256410256,51.842499999999994
525,0.33333333334166665,0.1282051282051282,51.819375
526,0.33333333334166665,0.15384615384615385,51.81374999999999
527,0.33333333334166665,0.1794871794871795,51.8
528,0.33333333334166665,0.20512820512820512,51.77
529,0.33333333334166665,0.23076923076923075,51.75625
530,0.33333333334166665,0.2564102564102564,51.75749999999999
531,0.33333333334166665,0.28205128205128205,51.75625
532,0.33333333334166665,0.3076923076923077,51.74375
533,0.33333333334166665,0.3333333333333333,51.760625000000005
534,0.33333333334166665,0.358974358974359,51.77
535,0.33333333334166665,0.3846153846153846,51.75875
536,0.33333333334166665,0.41025641025641024,51.77374999999999
537,0.33333333334166665,0.4358974358974359,51.810625
538,0.33333333334166665,0.4615384615384615,51.84125
539,0.33333333334166665,0.48717948717948717,51.875625
540,0.33333333334166665,0.5128205128205128,51.911249999999995
541,0.33333333334166665,0.5384615384615384,51.963750000000005
542,0.33333333334166665,0.5641025641025641,52.00812500000001
543,0.33333333334166665,0.5897435897435898,52.058125
544,0.33333333334166665,0.6153846153846154,52.128125
545,0.33333333334166665,0.641025641025641,52.17999999999999
546,0.33333333334166665,0.6666666666666666,52.22375000000001
547,0.33333333334166665,0.6923076923076923,52.285000000000004
548,0.33333333334166665,0.717948717948718,52.36
549,0.33333333334166665,0.7435897435897436,52.41875
550,0.33333333334166665,0.7692307692307692,52.498749999999994
551,0.33333333334166665,0.7948717948717948,52.56750000000001
552,0.33333333334166665,0.8205128205128205,52.64875000000001
553,0.33333333334166665,0.8461538461538461,52.72125
554,0.33333333334166665,0.8717948717948718,52.811249999999994
555,0.33333333334166665,0.8974358974358974,52.913125
556,0.33333333334166665,0.923076923076923,52.971875
557,0.33333333334166665,0.9487179487179487,53.048750000000005
558,0.33333333334166665,0.9743589743589743,53.093125
559,0.33333333334166665,1.0,53.1475
560,0.3589743589833333,0.0,51.724374999999995
561,0.3589743589833333,0.02564102564102564,51.696875
562,0.3589743589833333,0.05128205128205128,51.673750000000005
563,0.3589743589833333,0.07692307692307693,51.63125
564,0.3589743589833333,0.10256410256410256,51.625000000000014
565,0.3589743589833333,0.1282051282051282,51.60000000000001
566,0.3589743589833333,0.15384615384615385,51.578125000000014
567,0.3589743589833333,0.1794871794871795,51.571250000000006
568,0.3589743589833333,0.20512820512820512,51.557500000000005
569,0.3589743589833333,0.23076923076923075,51.54625
570,0.3589743589833333,0.2564102564102564,51.558749999999996
571,0.3589743589833333,0.28205128205128205,51.55125
572,0.3589743589833333,0.3076923076923077,51.55375
573,0.3589743589833333,0.3333333333333333,51.571250000000006
574,0.3589743589833333,0.358974358974359,51.57000000000001
575,0.3589743589833333,0.3846153846153846,51.565625
576,0.3589743589833333,0.41025641025641024,51.6075
577,0.3589743589833333,0.4358974358974359,51.63687500000001
578,0.3589743589833333,0.4615384615384615,51.667500000000004
579,0.3589743589833333,0.48717948717948717,51.715625
580,0.3589743589833333,0.5128205128205128,51.768125
581,0.3589743589833333,0.5384615384615384,51.817499999999995
582,0.3589743589833333,0.5641025641025641,51.86
583,0.3589743589833333,0.5897435897435898,51.92875
584,0.3589743589833333,0.6153846153846154,51.98875
585,0.3589743589833333,0.641025641025641,52.04812499999999
586,0.3589743589833333,0.6666666666666666,52.1225
587,0.3589743589833333,0.6923076923076923,52.185624999999995
588,0.3589743589833333,0.717948717948718,52.2675
589,0.3589743589833333,0.7435897435897436,52.3525
590,0.3589743589833333,0.7692307692307692,52.42125
591,0.3589743589833333,0.7948717948717948,52.50812499999999
592,0.3589743589833333,0.8205128205128205,52.605
593,0.3589743589833333,0.8461538461538461,52.70374999999999
594,0.3589743589833333,0.8717948717948718,52.76687499999999
595,0.3589743589833333,0.8974358974358974,52.830000000000005
596,0.3589743589833333,0.923076923076923,52.863125000000004
597,0.3589743589833333,0.9487179487179487,52.925
598,0.3589743589833333,0.9743589743589743,52.986875
599,0.3589743589833333,1.0,53.034375
600,0.384615384625,0.0,51.54437500000002
601,0.384615384625,0.02564102564102564,51.51375
602,0.384615384625,0.05128205128205128,51.478750000000005
603,0.384615384625,0.07692307692307693,51.459375
604,0.384615384625,0.10256410256410256,51.436875
605,0.384615384625,0.1282051282051282,51.421875
606,0.384615384625,0.15384615384615385,51.410625
607,0.384615384625,0.1794871794871795,51.410625
608,0.384615384625,0.20512820512820512,51.40375
609,0.384615384625,0.23076923076923075,51.4
610,0.384615384625,0.2564102564102564,51.396249999999995
611,0.384615384625,0.28205128205128205,51.39875000000001
612,0.384615384625,0.3076923076923077,51.39125
613,0.384615384625,0.3333333333333333,51.411249999999995
614,0.384615384625,0.358974358974359,51.426249999999996
615,0.384615384625,0.3846153846153846,51.456875000000004
616,0.384615384625,0.41025641025641024,51.495000000000005
617,0.384615384625,0.4358974358974359,51.545
618,0.384615384625,0.4615384615384615,51.605000000000004
619,0.384615384625,0.48717948717948717,51.628750000000004
620,0.384615384625,0.5128205128205128,51.703125
621,0.384615384625,0.5384615384615384,51.770624999999995
622,0.384615384625,0.5641025641025641,51.831875000000004
623,0.384615384625,0.5897435897435898,51.902499999999996
624,0.384615384625,0.6153846153846154,51.9575
625,0.384615384625,0.641025641025641,52.026250000000005
626,0.384615384625,0.6666666666666666,52.09250000000001
627,0.384615384625,0.6923076923076923,52.160000000000004
628,0.384615384625,0.717948717948718,52.26437500000001
629,0.384615384625,0.7435897435897436,52.348125
630,0.384615384625,0.7692307692307692,52.435624999999995
631,0.384615384625,0.7948717948717948,52.4975
632,0.384615384625,0.8205128205128205,52.558125
633,0.384615384625,0.8461538461538461,52.58624999999999
634,0.384615384625,0.8717948717948718,52.65937499999999
635,0.384615384625,0.8974358974358974,52.69375
636,0.384615384625,0.923076923076923,52.72125
637,0.384615384625,0.9487179487179487,52.7625
638,0.384615384625,0.9743589743589743,52.819375
639,0.384615384625,1.0,52.86187499999998
640,0.41025641026666665,0.0,51.41375000000001
641,0.41025641026666665,0.02564102564102564,51.38000000000001
642,0.41025641026666665,0.05128205128205128,51.36500000000001
643,0.41025641026666665,0.07692307692307693,51.354375000000005
644,0.41025641026666665,0.10256410256410256,51.33874999999999
645,0.41025641026666665,0.1282051282051282,51.333749999999995
646,0.41025641026666665,0.15384615384615385,51.311875
647,0.41025641026666665,0.1794871794871795,51.308749999999996
648,0.41025641026666665,0.20512820512820512,51.313750000000006
649,0.41025641026666665,0.23076923076923075,51.311875
650,0.41025641026666665,0.2564102564102564,51.326874999999994
651,0.41025641026666665,0.28205128205128205,51.321875
652,0.41025641026666665,0.3076923076923077,51.35
653,0.41025641026666665,0.3333333333333333,51.3875
654,0.41025641026666665,0.358974358974359,51.41687499999999
655,0.41025641026666665,0.3846153846153846,51.475625
656,0.41025641026666665,0.41025641025641024,51.498125
657,0.41025641026666665,0.4358974358974359,51.571250000000006
658,0.41025641026666665,0.4615384615384615,51.63000000000001
659,0.41025641026666665,0.48717948717948717,51.694375
660,0.41025641026666665,0.5128205128205128,51.749375
661,0.41025641026666665,0.5384615384615384,51.795624999999994
662,0.41025641026666665,0.5641025641025641,51.869375000000005
663,0.41025641026666665,0.5897435897435898,51.961875
664,0.41025641026666665,0.6153846153846154,52.01875000000001
665,0.41025641026666665,0.641025641025641,52.08625000000001
666,0.41025641026666665,0.6666666666666666,52.165625
667,0.41025641026666665,0.6923076923076923,52.225625
668,0.41025641026666665,0.717948717948718,52.281875
669,0.41025641026666665,0.7435897435897436,52.310625
670,0.41025641026666665,0.7692307692307692,52.350625
671,0.41025641026666665,0.7948717948717948,52.376875000000005
672,0.41025641026666665,0.8205128205128205,52.39812500000001
673,0.41025641026666665,0.8461538461538461,52.44250000000001
674,0.41025641026666665,0.8717948717948718,52.45625
675,0.41025641026666665,0.8974358974358974,52.463125000000005
676,0.41025641026666665,0.923076923076923,52.48562499999999
677,0.41025641026666665,0.9487179487179487,52.488125000000004
678,0.41025641026666665,0.9743589743589743,52.472500000000004
679,0.41025641026666665,1.0,52.464375
680,0.4358974359083333,0.0,51.413125
681,0.4358974359083333,0.02564102564102564,51.376250000000006
682,0.4358974359083333,0.05128205128205128,51.350625
683,0.4358974359083333,0.07692307692307693,51.353750000000005
684,0.4358974359083333,0.10256410256410256,51.34937500000001
685,0.4358974359083333,0.1282051282051282,51.34062500000001
686,0.4358974359083333,0.15384615384615385,51.34687500000001
687,0.4358974359083333,0.1794871794871795,51.36687500000001
688,0.4358974359083333,0.20512820512820512,51.385625000000005
689,0.4358974359083333,0.23076923076923075,51.39375
690,0.4358974359083333,0.2564102564102564,51.407500000000006
691,0.4358974359083333,0.28205128205128205,51.43625000000001
692,0.4358974359083333,0.3076923076923077,51.4775
693,0.4358974359083333,0.3333333333333333,51.53249999999999
694,0.4358974359083333,0.358974358974359,51.57375
695,0.4358974359083333,0.3846153846153846,51.635000000000005
696,0.4358974359083333,0.41025641025641024,51.69124999999999
697,0.4358974359083333,0.4358974358974359,51.75124999999999
698,0.4358974359083333,0.4615384615384615,51.805625
699,0.4358974359083333,0.48717948717948717,51.863125000000004
700,0.4358974359083333,0.5128205128205128,51.928125
701,0.4358974359083333,0.5384615384615384,51.9625
702,0.4358974359083333,0.5641025641025641,52.027499999999996
703,0.4358974359083333,0.5897435897435898,52.05375
704,0.4358974359083333,0.6153846153846154,52.064375000000005
705,0.4358974359083333,0.641025641025641,52.088125000000005
706,0.4358974359083333,0.6666666666666666,52.091874999999995
707,0.4358974359083333,0.6923076923076923,52.125
708,0.4358974359083333,0.717948717948718,52.123749999999994
709,0.4358974359083333,0.7435897435897436,52.118125
710,0.4358974359083333,0.7692307692307692,52.111875
711,0.4358974359083333,0.7948717948717948,52.12249999999999
712,0.4358974359083333,0.8205128205128205,52.095000000000006
713,0.4358974359083333,0.8461538461538461,52.075625
714,0.4358974359083333,0.8717948717948718,52.05500000000001
715,0.4358974359083333,0.8974358974358974,52.01875
716,0.4358974359083333,0.923076923076923,51.968125
717,0.4358974359083333,0.9487179487179487,51.94562499999999
718,0.4358974359083333,0.9743589743589743,51.87874999999999
719,0.4358974359083333,1.0,51.821875
720,0.46153846155,0.0,51.61187500000001
721,0.46153846155,0.02564102564102564,51.581875000000004
722,0.46153846155,0.05128205128205128,51.576249999999995
723,0.46153846155,0.07692307692307693,51.565625
724,0.46153846155,0.10256410256410256,51.569375
725,0.46153846155,0.1282051282051282,51.584375
726,0.46153846155,0.15384615384615385,51.604375000000005
727,0.46153846155,0.1794871794871795,51.628750000000004
728,0.46153846155,0.20512820512820512,51.661874999999995
729,0.46153846155,0.23076923076923075,51.69875
730,0.46153846155,0.2564102564102564,51.735625000000006
731,0.46153846155,0.28205128205128205,51.79875
732,0.46153846155,0.3076923076923077,51.82687500000001
733,0.46153846155,0.3333333333333333,51.88062500000001
734,0.46153846155,0.358974358974359,51.931875000000005
735,0.46153846155,0.3846153846153846,51.96750000000001
736,0.46153846155,0.41025641025641024,51.995625000000004
737,0.46153846155,0.4358974358974359,51.96500000000001
738,0.46153846155,0.4615384615384615,51.998125
739,0.46153846155,0.48717948717948717,52.0025
740,0.46153846155,0.5128205128205128,51.98375000000001
741,0.46153846155,0.5384615384615384,51.96812500000001
742,0.46153846155,0.5641025641025641,51.933125000000004
743,0.46153846155,0.5897435897435898,51.91624999999999
744,0.46153846155,0.6153846153846154,51.861875
745,0.46153846155,0.641025641025641,51.838750000000005
746,0.46153846155,0.6666666666666666,51.809375
747,0.46153846155,0.6923076923076923,51.771875
748,0.46153846155,0.717948717948718,51.701874999999994
749,0.46153846155,0.7435897435897436,51.649375000000006
750,0.46153846155,0.7692307692307692,51.573125000000005
751,0.46153846155,0.7948717948717948,51.52374999999999
752,0.46153846155,0.8205128205128205,51.470000000000006
753,0.46153846155,0.8461538461538461,51.419375
754,0.46153846155,0.8717948717948718,51.370000000000005
755,0.46153846155,0.8974358974358974,51.305625
756,0.46153846155,0.923076923076923,51.27312500000001
757,0.46153846155,0.9487179487179487,51.253125
758,0.46153846155,0.9743589743589743,51.211875
759,0.46153846155,1.0,51.186249999999994
760,0.48717948719166665,0.0,52.38375
761,0.48717948719166665,0.02564102564102564,52.360625000000006
762,0.48717948719166665,0.05128205128205128,52.35125000000001
763,0.48717948719166665,0.07692307692307693,52.333124999999995
764,0.48717948719166665,0.10256410256410256,52.32000000000001
765,0.48717948719166665,0.1282051282051282,52.306875000000005
766,0.48717948719166665,0.15384615384615385,52.285625
767,0.48717948719166665,0.1794871794871795,52.256875
768,0.48717948719166665,0.20512820512820512,52.243125
769,0.48717948719166665,0.23076923076923075,52.240625
770,0.48717948719166665,0.2564102564102564,52.186875
771,0.48717948719166665,0.28205128205128205,52.133750000000006
772,0.48717948719166665,0.3076923076923077,52.069375
773,0.48717948719166665,0.3333333333333333,52.044999999999995
774,0.48717948719166665,0.358974358974359,52.02312500000001
775,0.48717948719166665,0.3846153846153846,51.958749999999995
776,0.48717948719166665,0.41025641025641024,51.875000000000014
777,0.48717948719166665,0.4358974358974359,51.835
778,0.48717948719166665,0.4615384615384615,51.76875
779,0.48717948719166665,0.48717948717948717,51.67
780,0.48717948719166665,0.5128205128205128,51.603125
781,0.48717948719166665,0.5384615384615384,51.51875
782,0.48717948719166665,0.5641025641025641,51.44000000000001
783,0.48717948719166665,0.5897435897435898,51.373125
784,0.48717948719166665,0.6153846153846154,51.313125
785,0.48717948719166665,0.641025641025641,51.248749999999994
786,0.48717948719166665,0.6666666666666666,51.186875
787,0.48717948719166665,0.6923076923076923,51.119375000000005
788,0.48717948719166665,0.717948717948718,51.093125
789,0.48717948719166665,0.7435897435897436,51.040625
790,0.48717948719166665,0.7692307692307692,50.98875
791,0.48717948719166665,0.7948717948717948,50.950625
792,0.48717948719166665,0.8205128205128205,50.910624999999996
793,0.48717948719166665,0.8461538461538461,50.864375
794,0.48717948719166665,0.8717948717948718,50.8275
795,0.48717948719166665,0.8974358974358974,50.79
796,0.48717948719166665,0.923076923076923,50.756874999999994
797,0.48717948719166665,0.9487179487179487,50.721875
798,0.48717948719166665,0.9743589743589743,50.69125
799,0.48717948719166665,1.0,50.666875
800,0.5128205128333333,0.0,53.629999999999995
801,0.5128205128333333,0.02564102564102564,53.569375
802,0.5128205128333333,0.05128205128205128,53.498749999999994
803,0.5128205128333333,0.07692307692307693,53.34625000000001
804,0.5128205128333333,0.10256410256410256,53.211875
805,0.5128205128333333,0.1282051282051282,53.03375
806,0.5128205128333333,0.15384615384615385,52.84937500000001
807,0.5128205128333333,0.1794871794871795,52.64375
808,0.5128205128333333,0.20512820512820512,52.458749999999995
809,0.5128205128333333,0.23076923076923075,52.283125
810,0.5128205128333333,0.2564102564102564,52.063125
811,0.5128205128333333,0.28205128205128205,51.90749999999999
812,0.5128205128333333,0.3076923076923077,51.70625
813,0.5128205128333333,0.3333333333333333,51.519375000000004
814,0.5128205128333333,0.358974358974359,51.3775
815,0.5128205128333333,0.3846153846153846,51.25
816,0.5128205128333333,0.41025641025641024,51.12125
817,0.5128205128333333,0.4358974358974359,51.008125
818,0.5128205128333333,0.4615384615384615,50.91875
819,0.5128205128333333,0.48717948717948717,50.826875
820,0.5128205128333333,0.5128205128205128,50.761250000000004
821,0.5128205128333333,0.5384615384615384,50.6975
822,0.5128205128333333,0.5641025641025641,50.645
823,0.5128205128333333,0.5897435897435898,50.600625
824,0.5128205128333333,0.6153846153846154,50.5625
825,0.5128205128333333,0.641025641025641,50.500625
826,0.5128205128333333,0.6666666666666666,50.447500000000005
827,0.5128205128333333,0.6923076923076923,50.41375
828,0.5128205128333333,0.717948717948718,50.368125
829,0.5128205128333333,0.7435897435897436,50.322500000000005
830,0.5128205128333333,0.7692307692307692,50.2675
831,0.5128205128333333,0.7948717948717948,50.220625
832,0.5128205128333333,0.8205128205128205,50.183749999999996
833,0.5128205128333333,0.8461538461538461,50.144375
834,0.5128205128333333,0.8717948717948718,50.090625
835,0.5128205128333333,0.8974358974358974,50.04
836,0.5128205128333333,0.923076923076923,49.993125
837,0.5128205128333333,0.9487179487179487,49.949999999999996
838,0.5128205128333333,0.9743589743589743,49.905
839,0.5128205128333333,1.0,49.853125
840,0.538461538475,0.0,52.822500000000005
841,0.538461538475,0.02564102564102564,52.77875
842,0.538461538475,0.05128205128205128,52.7325
843,0.538461538475,0.07692307692307693,52.670624999999994
844,0.538461538475,0.10256410256410256,52.628125
845,0.538461538475,0.1282051282051282,52.560624999999995
846,0.538461538475,0.15384615384615385,52.474374999999995
847,0.538461538475,0.1794871794871795,52.4225
848,0.538461538475,0.20512820512820512,52.3375
849,0.538461538475,0.23076923076923075,52.288125
850,0.538461538475,0.2564102564102564,52.205
851,0.538461538475,0.28205128205128205,52.098125
852,0.538461538475,0.3076923076923077,51.989374999999995
853,0.538461538475,0.3333333333333333,51.888125
854,0.538461538475,0.358974358974359,51.75812500000001
855,0.538461538475,0.3846153846153846,51.66437499999999
856,0.538461538475,0.41025641025641024,51.535625
857,0.538461538475,0.4358974358974359,51.41687499999999
858,0.538461538475,0.4615384615384615,51.302499999999995
859,0.538461538475,0.48717948717948717,51.20625
860,0.538461538475,0.5128205128205128,51.111875000000005
861,0.538461538475,0.5384615384615384,51.02875
862,0.538461538475,0.5641025641025641,50.96062500000001
863,0.538461538475,0.5897435897435898,50.909375
864,0.538461538475,0.6153846153846154,50.866875
865,0.538461538475,0.641025641025641,50.80625
866,0.538461538475,0.6666666666666666,50.737500000000004
867,0.538461538475,0.6923076923076923,50.6975
868,0.538461538475,0.717948717948718,50.644375000000004
869,0.538461538475,0.7435897435897436,50.59625
870,0.538461538475,0.7692307692307692,50.544374999999995
871,0.538461538475,0.7948717948717948,50.48375
872,0.538461538475,0.8205128205128205,50.42375
873,0.538461538475,0.8461538461538461,50.369375000000005
874,0.538461538475,0.8717948717948718,50.315625
875,0.538461538475,0.8974358974358974,50.25125
876,0.538461538475,0.923076923076923,50.20375
877,0.538461538475,0.9487179487179487,50.159375
878,0.538461538475,0.9743589743589743,50.098124999999996
879,0.538461538475,1.0,50.031875
880,0.5641025641166666,0.0,52.038125
881,0.5641025641166666,0.02564102564102564,52.00812499999999
882,0.5641025641166666,0.05128205128205128,52.003750000000004
883,0.5641025641166666,0.07692307692307693,51.994375000000005
884,0.5641025641166666,0.10256410256410256,51.970000000000006
885,0.5641025641166666,0.1282051282051282,52.004375
886,0.5641025641166666,0.15384615384615385,52.024375
887,0.5641025641166666,0.1794871794871795,52.032500000000006
888,0.5641025641166666,0.20512820512820512,52.040000000000006
889,0.5641025641166666,0.23076923076923075,52.055625000000006
890,0.5641025641166666,0.2564102564102564,52.065625
891,0.5641025641166666,0.28205128205128205,52.073125000000005
892,0.5641025641166666,0.3076923076923077,52.073125000000005
893,0.5641025641166666,0.3333333333333333,52.04375
894,0.5641025641166666,0.358974358974359,51.99249999999999
895,0.5641025641166666,0.3846153846153846,51.938125
896,0.5641025641166666,0.41025641025641024,51.889374999999994
897,0.5641025641166666,0.4358974358974359,51.81125000000001
898,0.5641025641166666,0.4615384615384615,51.714999999999996
899,0.5641025641166666,0.48717948717948717,51.606875
900,0.5641025641166666,0.5128205128205128,51.4875
901,0.5641025641166666,0.5384615384615384,51.369375000000005
902,0.5641025641166666,0.5641025641025641,51.256875
903,0.5641025641166666,0.5897435897435898,51.14125
904,0.5641025641166666,0.6153846153846154,51.025
905,0.5641025641166666,0.641025641025641,50.910625
906,0.5641025641166666,0.6666666666666666,50.803125
907,0.5641025641166666,0.6923076923076923,50.718125
908,0.5641025641166666,0.717948717948718,50.62
909,0.5641025641166666,0.7435897435897436,50.552499999999995
910,0.5641025641166666,0.7692307692307692,50.497499999999995
911,0.5641025641166666,0.7948717948717948,50.436249999999994
912,0.5641025641166666,0.8205128205128205,50.40375
913,0.5641025641166666,0.8461538461538461,50.361875000000005
914,0.5641025641166666,0.8717948717948718,50.322500000000005
915,0.5641025641166666,0.8974358974358974,50.286875
916,0.5641025641166666,0.923076923076923,50.238125
917,0.5641025641166666,0.9487179487179487,50.197500000000005
918,0.5641025641166666,0.9743589743589743,50.156875
919,0.5641025641166666,1.0,50.115625
920,0.5897435897583333,0.0,52.043124999999996
921,0.5897435897583333,0.02564102564102564,51.99187500000001
922,0.5897435897583333,0.05128205128205128,51.925
923,0.5897435897583333,0.07692307692307693,51.868125000000006
924,0.5897435897583333,0.10256410256410256,51.83
925,0.5897435897583333,0.1282051282051282,51.771249999999995
926,0.5897435897583333,0.15384615384615385,51.73937500000001
927,0.5897435897583333,0.1794871794871795,51.71
928,0.5897435897583333,0.20512820512820512,51.67937499999999
929,0.5897435897583333,0.23076923076923075,51.668124999999996
930,0.5897435897583333,0.2564102564102564,51.658125
931,0.5897435897583333,0.28205128205128205,51.663125
932,0.5897435897583333,0.3076923076923077,51.67125000000001
933,0.5897435897583333,0.3333333333333333,51.68625000000001
934,0.5897435897583333,0.358974358974359,51.699374999999996
935,0.5897435897583333,0.3846153846153846,51.718125
936,0.5897435897583333,0.41025641025641024,51.74499999999999
937,0.5897435897583333,0.4358974358974359,51.744375000000005
938,0.5897435897583333,0.4615384615384615,51.719375
939,0.5897435897583333,0.48717948717948717,51.724374999999995
940,0.5897435897583333,0.5128205128205128,51.6875
941,0.5897435897583333,0.5384615384615384,51.629375
942,0.5897435897583333,0.5641025641025641,51.57062499999999
943,0.5897435897583333,0.5897435897435898,51.5
944,0.5897435897583333,0.6153846153846154,51.40625
945,0.5897435897583333,0.641025641025641,51.28187499999999
946,0.5897435897583333,0.6666666666666666,51.17375
947,0.5897435897583333,0.6923076923076923,51.04375
948,0.5897435897583333,0.717948717948718,50.934374999999996
949,0.5897435897583333,0.7435897435897436,50.82437499999999
950,0.5897435897583333,0.7692307692307692,50.704375000000006
951,0.5897435897583333,0.7948717948717948,50.578125
952,0.5897435897583333,0.8205128205128205,50.48
953,0.5897435897583333,0.8461538461538461,50.376875
954,0.5897435897583333,0.8717948717948718,50.28750000000001
955,0.5897435897583333,0.8974358974358974,50.214375000000004
956,0.5897435897583333,0.923076923076923,50.154999999999994
957,0.5897435897583333,0.9487179487179487,50.103750000000005
958,0.5897435897583333,0.9743589743589743,50.06375
959,0.5897435897583333,1.0,49.99750000000001
960,0.6153846154,0.0,52.146249999999995
961,0.6153846154,0.02564102564102564,52.088125000000005
962,0.6153846154,0.05128205128205128,52.021249999999995
963,0.6153846154,0.07692307692307693,51.94375
964,0.6153846154,0.10256410256410256,51.9
965,0.6153846154,0.1282051282051282,51.816875
966,0.6153846154,0.15384615384615385,51.760625000000005
967,0.6153846154,0.1794871794871795,51.706875000000004
968,0.6153846154,0.20512820512820512,51.650625000000005
969,0.6153846154,0.23076923076923075,51.61375
970,0.6153846154,0.2564102564102564,51.58375000000001
971,0.6153846154,0.28205128205128205,51.53937499999999
972,0.6153846154,0.3076923076923077,51.5
973,0.6153846154,0.3333333333333333,51.484375
974,0.6153846154,0.358974358974359,51.44375
975,0.6153846154,0.3846153846153846,51.438750000000006
976,0.6153846154,0.41025641025641024,51.4175
977,0.6153846154,0.4358974358974359,51.4225
978,0.6153846154,0.4615384615384615,51.432500000000005
979,0.6153846154,0.48717948717948717,51.430625
980,0.6153846154,0.5128205128205128,51.468125
981,0.6153846154,0.5384615384615384,51.48875
982,0.6153846154,0.5641025641025641,51.526250000000005
983,0.6153846154,0.5897435897435898,51.55
984,0.6153846154,0.6153846153846154,51.597500000000004
985,0.6153846154,0.641025641025641,51.625
986,0.6153846154,0.6666666666666666,51.63312499999999
987,0.6153846154,0.6923076923076923,51.6225
988,0.6153846154,0.717948717948718,51.603750000000005
989,0.6153846154,0.7435897435897436,51.578125
990,0.6153846154,0.7692307692307692,51.516875000000006
991,0.6153846154,0.7948717948717948,51.45875000000001
992,0.6153846154,0.8205128205128205,51.358124999999994
993,0.6153846154,0.8461538461538461,51.25625
994,0.6153846154,0.8717948717948718,51.129375
995,0.6153846154,0.8974358974358974,51.025625000000005
996,0.6153846154,0.923076923076923,50.978125
997,0.6153846154,0.9487179487179487,50.944374999999994
998,0.6153846154,0.9743589743589743,50.915625
999,0.6153846154,1.0,50.89875
