,Theta,Phi,Accuracy
0,0.0,0.0,72.65000000000002
1,0.0,0.025641025641666666,72.07999999999998
2,0.0,0.05128205128333333,70.50312500000001
3,0.0,0.076923076925,68.450625
4,0.0,0.10256410256666666,66.29625
5,0.0,0.12820512820833332,64.37812500000001
6,0.0,0.15384615385,62.784375
7,0.0,0.17948717949166665,61.41437499999999
8,0.0,0.20512820513333332,60.24875000000001
9,0.0,0.230769230775,59.379375
10,0.0,0.25641025641666665,58.75562500000001
11,0.0,0.2820512820583333,58.291250000000005
12,0.0,0.3076923077,58.03375000000001
13,0.0,0.33333333334166665,57.815625
14,0.0,0.3589743589833333,57.51437500000001
15,0.0,0.384615384625,57.17625
16,0.0,0.41025641026666665,56.878750000000004
17,0.0,0.4358974359083333,56.5875
18,0.0,0.46153846155,56.168124999999996
19,0.0,0.48717948719166665,55.71500000000001
20,0.0,0.5128205128333333,55.124375
21,0.0,0.538461538475,54.83125000000001
22,0.0,0.5641025641166666,54.839375000000004
23,0.0,0.5897435897583333,53.634375
24,0.0,0.6153846154,53.439375
25,0.025641025641666666,0.0,72.60249999999999
26,0.025641025641666666,0.025641025641666666,72.05375
27,0.025641025641666666,0.05128205128333333,70.51500000000001
28,0.025641025641666666,0.076923076925,68.42374999999998
29,0.025641025641666666,0.10256410256666666,66.21499999999999
30,0.025641025641666666,0.12820512820833332,64.236875
31,0.025641025641666666,0.15384615385,62.504999999999995
32,0.025641025641666666,0.17948717949166665,61.041250000000005
33,0.025641025641666666,0.20512820513333332,59.81312499999999
34,0.025641025641666666,0.230769230775,58.890625
35,0.025641025641666666,0.25641025641666665,58.301874999999995
36,0.025641025641666666,0.2820512820583333,57.92687500000001
37,0.025641025641666666,0.3076923077,57.71625
38,0.025641025641666666,0.33333333334166665,57.57125
39,0.025641025641666666,0.3589743589833333,57.411874999999995
40,0.025641025641666666,0.384615384625,57.157500000000006
41,0.025641025641666666,0.41025641026666665,56.815625
42,0.025641025641666666,0.4358974359083333,56.428125
43,0.025641025641666666,0.46153846155,56.001875
44,0.025641025641666666,0.48717948719166665,55.43625000000001
45,0.025641025641666666,0.5128205128333333,54.771875
46,0.025641025641666666,0.538461538475,54.14874999999999
47,0.025641025641666666,0.5641025641166666,54.326249999999995
48,0.025641025641666666,0.5897435897583333,53.66687499999999
49,0.025641025641666666,0.6153846154,53.245625000000004
50,0.05128205128333333,0.0,72.54062499999999
51,0.05128205128333333,0.025641025641666666,72.0
52,0.05128205128333333,0.05128205128333333,70.49125
53,0.05128205128333333,0.076923076925,68.33874999999999
54,0.05128205128333333,0.10256410256666666,66.11249999999998
55,0.05128205128333333,0.12820512820833332,64.12187500000002
56,0.05128205128333333,0.15384615385,62.24437500000001
57,0.05128205128333333,0.17948717949166665,60.684375
58,0.05128205128333333,0.20512820513333332,59.39562500000001
59,0.05128205128333333,0.230769230775,58.521875
60,0.05128205128333333,0.25641025641666665,57.92062500000001
61,0.05128205128333333,0.2820512820583333,57.53125
62,0.05128205128333333,0.3076923077,57.3
63,0.05128205128333333,0.33333333334166665,57.128750000000004
64,0.05128205128333333,0.3589743589833333,56.94124999999999
65,0.05128205128333333,0.384615384625,56.7525
66,0.05128205128333333,0.41025641026666665,56.531875
67,0.05128205128333333,0.4358974359083333,56.249374999999986
68,0.05128205128333333,0.46153846155,55.89
69,0.05128205128333333,0.48717948719166665,55.41812500000001
70,0.05128205128333333,0.5128205128333333,54.82625
71,0.05128205128333333,0.538461538475,54.14562500000001
72,0.05128205128333333,0.5641025641166666,53.814375000000005
73,0.05128205128333333,0.5897435897583333,54.0025
74,0.05128205128333333,0.6153846154,53.17
75,0.076923076925,0.0,72.4075
76,0.076923076925,0.025641025641666666,71.92125000000001
77,0.076923076925,0.05128205128333333,70.41499999999999
78,0.076923076925,0.076923076925,68.31625
79,0.076923076925,0.10256410256666666,66.07062499999999
80,0.076923076925,0.12820512820833332,63.88125
81,0.076923076925,0.15384615385,61.981875
82,0.076923076925,0.17948717949166665,60.323125000000005
83,0.076923076925,0.20512820513333332,59.089375
84,0.076923076925,0.230769230775,58.185
85,0.076923076925,0.25641025641666665,57.576874999999994
86,0.076923076925,0.2820512820583333,57.20562500000001
87,0.076923076925,0.3076923077,56.904374999999995
88,0.076923076925,0.33333333334166665,56.6275
89,0.076923076925,0.3589743589833333,56.39187499999999
90,0.076923076925,0.384615384625,56.177499999999995
91,0.076923076925,0.41025641026666665,56.03937500000001
92,0.076923076925,0.4358974359083333,55.896875
93,0.076923076925,0.46153846155,55.720000000000006
94,0.076923076925,0.48717948719166665,55.472500000000004
95,0.076923076925,0.5128205128333333,55.080000000000005
96,0.076923076925,0.538461538475,54.556875000000005
97,0.076923076925,0.5641025641166666,54.057500000000005
98,0.076923076925,0.5897435897583333,54.100625
99,0.076923076925,0.6153846154,53.38312499999999
100,0.10256410256666666,0.0,72.06625000000001
101,0.10256410256666666,0.025641025641666666,71.70625
102,0.10256410256666666,0.05128205128333333,70.21875
103,0.10256410256666666,0.076923076925,68.17999999999999
104,0.10256410256666666,0.10256410256666666,65.9075
105,0.10256410256666666,0.12820512820833332,63.685
106,0.10256410256666666,0.15384615385,61.751875000000005
107,0.10256410256666666,0.17948717949166665,60.015625000000014
108,0.10256410256666666,0.20512820513333332,58.77312499999999
109,0.10256410256666666,0.230769230775,57.87437500000001
110,0.10256410256666666,0.25641025641666665,57.292500000000004
111,0.10256410256666666,0.2820512820583333,56.83874999999999
112,0.10256410256666666,0.3076923077,56.43125
113,0.10256410256666666,0.33333333334166665,56.154374999999995
114,0.10256410256666666,0.3589743589833333,55.863125000000004
115,0.10256410256666666,0.384615384625,55.686249999999994
116,0.10256410256666666,0.41025641026666665,55.509375
117,0.10256410256666666,0.4358974359083333,55.3625
118,0.10256410256666666,0.46153846155,55.288125
119,0.10256410256666666,0.48717948719166665,55.21624999999999
120,0.10256410256666666,0.5128205128333333,55.063125
121,0.10256410256666666,0.538461538475,54.818124999999995
122,0.10256410256666666,0.5641025641166666,54.504999999999995
123,0.10256410256666666,0.5897435897583333,54.34875000000001
124,0.10256410256666666,0.6153846154,54.0825
125,0.12820512820833332,0.0,71.46187499999999
126,0.12820512820833332,0.025641025641666666,71.274375
127,0.12820512820833332,0.05128205128333333,69.861875
128,0.12820512820833332,0.076923076925,67.85000000000001
129,0.12820512820833332,0.10256410256666666,65.63374999999999
130,0.12820512820833332,0.12820512820833332,63.41937499999999
131,0.12820512820833332,0.15384615385,61.38687500000001
132,0.12820512820833332,0.17948717949166665,59.738749999999996
133,0.12820512820833332,0.20512820513333332,58.49125
134,0.12820512820833332,0.230769230775,57.64375
135,0.12820512820833332,0.25641025641666665,56.9975
136,0.12820512820833332,0.2820512820583333,56.489999999999995
137,0.12820512820833332,0.3076923077,56.041875000000005
138,0.12820512820833332,0.33333333334166665,55.71
139,0.12820512820833332,0.3589743589833333,55.50625
140,0.12820512820833332,0.384615384625,55.25
141,0.12820512820833332,0.41025641026666665,55.05499999999999
142,0.12820512820833332,0.4358974359083333,54.900625000000005
143,0.12820512820833332,0.46153846155,54.80062500000001
144,0.12820512820833332,0.48717948719166665,54.723124999999996
145,0.12820512820833332,0.5128205128333333,54.59687500000001
146,0.12820512820833332,0.538461538475,54.499374999999986
147,0.12820512820833332,0.5641025641166666,54.409375
148,0.12820512820833332,0.5897435897583333,54.44812499999999
149,0.12820512820833332,0.6153846154,54.656250000000014
150,0.15384615385,0.0,70.59875
151,0.15384615385,0.025641025641666666,70.52125
152,0.15384615385,0.05128205128333333,69.37937499999998
153,0.15384615385,0.076923076925,67.446875
154,0.15384615385,0.10256410256666666,65.23437499999999
155,0.15384615385,0.12820512820833332,63.04124999999999
156,0.15384615385,0.15384615385,61.100624999999994
157,0.15384615385,0.17948717949166665,59.48
158,0.15384615385,0.20512820513333332,58.244375000000005
159,0.15384615385,0.230769230775,57.33874999999999
160,0.15384615385,0.25641025641666665,56.6875
161,0.15384615385,0.2820512820583333,56.169999999999995
162,0.15384615385,0.3076923077,55.725
163,0.15384615385,0.33333333334166665,55.42062500000001
164,0.15384615385,0.3589743589833333,55.131875
165,0.15384615385,0.384615384625,54.870000000000005
166,0.15384615385,0.41025641026666665,54.711875
167,0.15384615385,0.4358974359083333,54.580000000000005
168,0.15384615385,0.46153846155,54.42562500000001
169,0.15384615385,0.48717948719166665,54.325
170,0.15384615385,0.5128205128333333,54.16875
171,0.15384615385,0.538461538475,54.030624999999986
172,0.15384615385,0.5641025641166666,53.98937500000001
173,0.15384615385,0.5897435897583333,54.00750000000001
174,0.15384615385,0.6153846154,54.21125000000001
175,0.17948717949166665,0.0,69.54750000000001
176,0.17948717949166665,0.025641025641666666,69.580625
177,0.17948717949166665,0.05128205128333333,68.60625
178,0.17948717949166665,0.076923076925,66.9075
179,0.17948717949166665,0.10256410256666666,64.90187499999999
180,0.17948717949166665,0.12820512820833332,62.7625
181,0.17948717949166665,0.15384615385,60.831875000000004
182,0.17948717949166665,0.17948717949166665,59.326874999999994
183,0.17948717949166665,0.20512820513333332,58.065625
184,0.17948717949166665,0.230769230775,57.11562500000001
185,0.17948717949166665,0.25641025641666665,56.44312499999999
186,0.17948717949166665,0.2820512820583333,55.92249999999999
187,0.17948717949166665,0.3076923077,55.458749999999995
188,0.17948717949166665,0.33333333334166665,55.15
189,0.17948717949166665,0.3589743589833333,54.84437499999999
190,0.17948717949166665,0.384615384625,54.605624999999996
191,0.17948717949166665,0.41025641026666665,54.448125000000005
192,0.17948717949166665,0.4358974359083333,54.34125
193,0.17948717949166665,0.46153846155,54.235
194,0.17948717949166665,0.48717948719166665,54.191250000000004
195,0.17948717949166665,0.5128205128333333,54.064375000000005
196,0.17948717949166665,0.538461538475,53.95125
197,0.17948717949166665,0.5641025641166666,53.978125
198,0.17948717949166665,0.5897435897583333,54.091875
199,0.17948717949166665,0.6153846154,54.21624999999999
200,0.20512820513333332,0.0,68.36125000000001
201,0.20512820513333332,0.025641025641666666,68.475
202,0.20512820513333332,0.05128205128333333,67.69062500000001
203,0.20512820513333332,0.076923076925,66.31125
204,0.20512820513333332,0.10256410256666666,64.5125
205,0.20512820513333332,0.12820512820833332,62.55000000000001
206,0.20512820513333332,0.15384615385,60.77062500000001
207,0.20512820513333332,0.17948717949166665,59.246875
208,0.20512820513333332,0.20512820513333332,58.110625000000006
209,0.20512820513333332,0.230769230775,57.18000000000001
210,0.20512820513333332,0.25641025641666665,56.465625
211,0.20512820513333332,0.2820512820583333,55.896249999999995
212,0.20512820513333332,0.3076923077,55.413125000000015
213,0.20512820513333332,0.33333333334166665,55.036874999999995
214,0.20512820513333332,0.3589743589833333,54.700625
215,0.20512820513333332,0.384615384625,54.43625000000001
216,0.20512820513333332,0.41025641026666665,54.261250000000004
217,0.20512820513333332,0.4358974359083333,54.15374999999999
218,0.20512820513333332,0.46153846155,54.093750000000014
219,0.20512820513333332,0.48717948719166665,54.10875
220,0.20512820513333332,0.5128205128333333,54.08812499999999
221,0.20512820513333332,0.538461538475,54.18375000000001
222,0.20512820513333332,0.5641025641166666,54.40625
223,0.20512820513333332,0.5897435897583333,54.7375
224,0.20512820513333332,0.6153846154,54.97499999999999
225,0.230769230775,0.0,67.16125000000001
226,0.230769230775,0.025641025641666666,67.20249999999999
227,0.230769230775,0.05128205128333333,66.61249999999998
228,0.230769230775,0.076923076925,65.59625
229,0.230769230775,0.10256410256666666,64.181875
230,0.230769230775,0.12820512820833332,62.5025
231,0.230769230775,0.15384615385,60.876875
232,0.230769230775,0.17948717949166665,59.458124999999995
233,0.230769230775,0.20512820513333332,58.295624999999994
234,0.230769230775,0.230769230775,57.4125
235,0.230769230775,0.25641025641666665,56.671875
236,0.230769230775,0.2820512820583333,56.08
237,0.230769230775,0.3076923077,55.57750000000001
238,0.230769230775,0.33333333334166665,55.142500000000005
239,0.230769230775,0.3589743589833333,54.77312500000001
240,0.230769230775,0.384615384625,54.482499999999995
241,0.230769230775,0.41025641026666665,54.24437499999999
242,0.230769230775,0.4358974359083333,54.151250000000005
243,0.230769230775,0.46153846155,54.1125
244,0.230769230775,0.48717948719166665,54.0625
245,0.230769230775,0.5128205128333333,54.073750000000004
246,0.230769230775,0.538461538475,54.299375
247,0.230769230775,0.5641025641166666,54.7275
248,0.230769230775,0.5897435897583333,55.40374999999999
249,0.230769230775,0.6153846154,55.681875000000005
250,0.25641025641666665,0.0,65.95124999999999
251,0.25641025641666665,0.025641025641666666,65.88562499999999
252,0.25641025641666665,0.05128205128333333,65.514375
253,0.25641025641666665,0.076923076925,64.86999999999999
254,0.25641025641666665,0.10256410256666666,63.859375000000014
255,0.25641025641666665,0.12820512820833332,62.49687500000001
256,0.25641025641666665,0.15384615385,61.090625
257,0.25641025641666665,0.17948717949166665,59.75625
258,0.25641025641666665,0.20512820513333332,58.64875000000001
259,0.25641025641666665,0.230769230775,57.7925
260,0.25641025641666665,0.25641025641666665,57.068124999999995
261,0.25641025641666665,0.2820512820583333,56.44374999999999
262,0.25641025641666665,0.3076923077,55.90312500000001
263,0.25641025641666665,0.33333333334166665,55.43374999999999
264,0.25641025641666665,0.3589743589833333,54.99937500000001
265,0.25641025641666665,0.384615384625,54.65625
266,0.25641025641666665,0.41025641026666665,54.4225
267,0.25641025641666665,0.4358974359083333,54.25812500000001
268,0.25641025641666665,0.46153846155,54.13625
269,0.25641025641666665,0.48717948719166665,54.09125
270,0.25641025641666665,0.5128205128333333,54.060625
271,0.25641025641666665,0.538461538475,54.165
272,0.25641025641666665,0.5641025641166666,54.696875
273,0.25641025641666665,0.5897435897583333,55.350624999999994
274,0.25641025641666665,0.6153846154,55.839999999999996
275,0.2820512820583333,0.0,64.80125000000001
276,0.2820512820583333,0.025641025641666666,64.74062500000001
277,0.2820512820583333,0.05128205128333333,64.45812500000001
278,0.2820512820583333,0.076923076925,64.09687500000001
279,0.2820512820583333,0.10256410256666666,63.39187499999999
280,0.2820512820583333,0.12820512820833332,62.355000000000004
281,0.2820512820583333,0.15384615385,61.2525
282,0.2820512820583333,0.17948717949166665,60.066875
283,0.2820512820583333,0.20512820513333332,58.971875
284,0.2820512820583333,0.230769230775,58.10125000000001
285,0.2820512820583333,0.25641025641666665,57.373749999999994
286,0.2820512820583333,0.2820512820583333,56.790000000000006
287,0.2820512820583333,0.3076923077,56.1875
288,0.2820512820583333,0.33333333334166665,55.68687500000001
289,0.2820512820583333,0.3589743589833333,55.23312500000001
290,0.2820512820583333,0.384615384625,54.89375
291,0.2820512820583333,0.41025641026666665,54.576874999999994
292,0.2820512820583333,0.4358974359083333,54.361250000000005
293,0.2820512820583333,0.46153846155,54.133750000000006
294,0.2820512820583333,0.48717948719166665,54.00124999999999
295,0.2820512820583333,0.5128205128333333,53.96
296,0.2820512820583333,0.538461538475,54.049375
297,0.2820512820583333,0.5641025641166666,54.20250000000001
298,0.2820512820583333,0.5897435897583333,54.64375
299,0.2820512820583333,0.6153846154,55.169375
300,0.3076923077,0.0,63.67
301,0.3076923077,0.025641025641666666,63.56374999999999
302,0.3076923077,0.05128205128333333,63.36937499999999
303,0.3076923077,0.076923076925,63.125
304,0.3076923077,0.10256410256666666,62.755624999999995
305,0.3076923077,0.12820512820833332,62.11375000000002
306,0.3076923077,0.15384615385,61.2325
307,0.3076923077,0.17948717949166665,60.25374999999999
308,0.3076923077,0.20512820513333332,59.255624999999995
309,0.3076923077,0.230769230775,58.307500000000005
310,0.3076923077,0.25641025641666665,57.566875
311,0.3076923077,0.2820512820583333,56.969375000000014
312,0.3076923077,0.3076923077,56.308125
313,0.3076923077,0.33333333334166665,55.72937499999999
314,0.3076923077,0.3589743589833333,55.24249999999999
315,0.3076923077,0.384615384625,54.84312500000001
316,0.3076923077,0.41025641026666665,54.545624999999994
317,0.3076923077,0.4358974359083333,54.326249999999995
318,0.3076923077,0.46153846155,54.16437499999999
319,0.3076923077,0.48717948719166665,54.098124999999996
320,0.3076923077,0.5128205128333333,54.04562500000001
321,0.3076923077,0.538461538475,53.92875
322,0.3076923077,0.5641025641166666,53.871875
323,0.3076923077,0.5897435897583333,54.003750000000004
324,0.3076923077,0.6153846154,54.46625
325,0.33333333334166665,0.0,62.53249999999999
326,0.33333333334166665,0.025641025641666666,62.393125
327,0.33333333334166665,0.05128205128333333,62.263125
328,0.33333333334166665,0.076923076925,62.16875
329,0.33333333334166665,0.10256410256666666,61.96500000000001
330,0.33333333334166665,0.12820512820833332,61.605624999999996
331,0.33333333334166665,0.15384615385,61.058125
332,0.33333333334166665,0.17948717949166665,60.25749999999999
333,0.33333333334166665,0.20512820513333332,59.42375
334,0.33333333334166665,0.230769230775,58.553125
335,0.33333333334166665,0.25641025641666665,57.72500000000001
336,0.33333333334166665,0.2820512820583333,57.01375
337,0.33333333334166665,0.3076923077,56.32312499999999
338,0.33333333334166665,0.33333333334166665,55.71750000000001
339,0.33333333334166665,0.3589743589833333,55.16812500000001
340,0.33333333334166665,0.384615384625,54.80187500000001
341,0.33333333334166665,0.41025641026666665,54.54812499999999
342,0.33333333334166665,0.4358974359083333,54.43874999999999
343,0.33333333334166665,0.46153846155,54.39625000000001
344,0.33333333334166665,0.48717948719166665,54.2925
345,0.33333333334166665,0.5128205128333333,54.15749999999999
346,0.33333333334166665,0.538461538475,53.899375000000006
347,0.33333333334166665,0.5641025641166666,53.768125
348,0.33333333334166665,0.5897435897583333,53.783125000000005
349,0.33333333334166665,0.6153846154,54.019375000000004
350,0.3589743589833333,0.0,61.363125000000004
351,0.3589743589833333,0.025641025641666666,61.19250000000001
352,0.3589743589833333,0.05128205128333333,61.13812499999999
353,0.3589743589833333,0.076923076925,61.20624999999999
354,0.3589743589833333,0.10256410256666666,61.219375
355,0.3589743589833333,0.12820512820833332,61.0025
356,0.3589743589833333,0.15384615385,60.761874999999996
357,0.3589743589833333,0.17948717949166665,60.23812499999999
358,0.3589743589833333,0.20512820513333332,59.495625000000004
359,0.3589743589833333,0.230769230775,58.722500000000004
360,0.3589743589833333,0.25641025641666665,57.98937500000001
361,0.3589743589833333,0.2820512820583333,57.23812499999999
362,0.3589743589833333,0.3076923077,56.506874999999994
363,0.3589743589833333,0.33333333334166665,55.870625
364,0.3589743589833333,0.3589743589833333,55.364374999999995
365,0.3589743589833333,0.384615384625,54.995625
366,0.3589743589833333,0.41025641026666665,54.863125000000004
367,0.3589743589833333,0.4358974359083333,54.776875
368,0.3589743589833333,0.46153846155,54.65062499999999
369,0.3589743589833333,0.48717948719166665,54.436875
370,0.3589743589833333,0.5128205128333333,54.17687500000001
371,0.3589743589833333,0.538461538475,53.900625000000005
372,0.3589743589833333,0.5641025641166666,53.663125
373,0.3589743589833333,0.5897435897583333,53.656875
374,0.3589743589833333,0.6153846154,53.724374999999995
375,0.384615384625,0.0,60.199374999999996
376,0.384615384625,0.025641025641666666,60.094375
377,0.384615384625,0.05128205128333333,60.13312500000001
378,0.384615384625,0.076923076925,60.28937500000001
379,0.384615384625,0.10256410256666666,60.365625
380,0.384615384625,0.12820512820833332,60.44312500000001
381,0.384615384625,0.15384615385,60.356875
382,0.384615384625,0.17948717949166665,60.114999999999995
383,0.384615384625,0.20512820513333332,59.60625000000001
384,0.384615384625,0.230769230775,58.977500000000006
385,0.384615384625,0.25641025641666665,58.25500000000001
386,0.384615384625,0.2820512820583333,57.55
387,0.384615384625,0.3076923077,56.8975
388,0.384615384625,0.33333333334166665,56.25812500000001
389,0.384615384625,0.3589743589833333,55.84625
390,0.384615384625,0.384615384625,55.54437499999999
391,0.384615384625,0.41025641026666665,55.321875
392,0.384615384625,0.4358974359083333,55.07125
393,0.384615384625,0.46153846155,54.780625
394,0.384615384625,0.48717948719166665,54.478125
395,0.384615384625,0.5128205128333333,54.126875
396,0.384615384625,0.538461538475,53.835
397,0.384615384625,0.5641025641166666,53.576249999999995
398,0.384615384625,0.5897435897583333,53.504374999999996
399,0.384615384625,0.6153846154,53.451874999999994
400,0.41025641026666665,0.0,59.123749999999994
401,0.41025641026666665,0.025641025641666666,59.08624999999999
402,0.41025641026666665,0.05128205128333333,59.141250000000014
403,0.41025641026666665,0.076923076925,59.30749999999999
404,0.41025641026666665,0.10256410256666666,59.59937500000001
405,0.41025641026666665,0.12820512820833332,59.81999999999999
406,0.41025641026666665,0.15384615385,59.95437499999999
407,0.41025641026666665,0.17948717949166665,59.96937499999999
408,0.41025641026666665,0.20512820513333332,59.75124999999999
409,0.41025641026666665,0.230769230775,59.20687500000001
410,0.41025641026666665,0.25641025641666665,58.651875000000004
411,0.41025641026666665,0.2820512820583333,58.003750000000004
412,0.41025641026666665,0.3076923077,57.396875
413,0.41025641026666665,0.33333333334166665,56.86250000000001
414,0.41025641026666665,0.3589743589833333,56.48187499999999
415,0.41025641026666665,0.384615384625,56.098125
416,0.41025641026666665,0.41025641026666665,55.705
417,0.41025641026666665,0.4358974359083333,55.30749999999999
418,0.41025641026666665,0.46153846155,54.868125
419,0.41025641026666665,0.48717948719166665,54.50312499999999
420,0.41025641026666665,0.5128205128333333,54.11875
421,0.41025641026666665,0.538461538475,53.784375
422,0.41025641026666665,0.5641025641166666,53.52312500000001
423,0.41025641026666665,0.5897435897583333,53.28875000000001
424,0.41025641026666665,0.6153846154,53.194375
425,0.4358974359083333,0.0,58.08125
426,0.4358974359083333,0.025641025641666666,58.1675
427,0.4358974359083333,0.05128205128333333,58.30375
428,0.4358974359083333,0.076923076925,58.399375
429,0.4358974359083333,0.10256410256666666,58.685
430,0.4358974359083333,0.12820512820833332,59.026250000000005
431,0.4358974359083333,0.15384615385,59.33062499999998
432,0.4358974359083333,0.17948717949166665,59.604375000000005
433,0.4358974359083333,0.20512820513333332,59.598125
434,0.4358974359083333,0.230769230775,59.311249999999994
435,0.4358974359083333,0.25641025641666665,58.815
436,0.4358974359083333,0.2820512820583333,58.28625000000001
437,0.4358974359083333,0.3076923077,57.79812499999999
438,0.4358974359083333,0.33333333334166665,57.385000000000005
439,0.4358974359083333,0.3589743589833333,57.021249999999995
440,0.4358974359083333,0.384615384625,56.58125
441,0.4358974359083333,0.41025641026666665,56.035625
442,0.4358974359083333,0.4358974359083333,55.49687499999999
443,0.4358974359083333,0.46153846155,55.02125000000001
444,0.4358974359083333,0.48717948719166665,54.64187499999999
445,0.4358974359083333,0.5128205128333333,54.21937499999999
446,0.4358974359083333,0.538461538475,53.85187500000001
447,0.4358974359083333,0.5641025641166666,53.403125
448,0.4358974359083333,0.5897435897583333,53.09125
449,0.4358974359083333,0.6153846154,53.114374999999995
450,0.46153846155,0.0,57.24187500000001
451,0.46153846155,0.025641025641666666,57.360625000000006
452,0.46153846155,0.05128205128333333,57.521875
453,0.46153846155,0.076923076925,57.567499999999995
454,0.46153846155,0.10256410256666666,57.6725
455,0.46153846155,0.12820512820833332,57.9575
456,0.46153846155,0.15384615385,58.357499999999995
457,0.46153846155,0.17948717949166665,58.86062499999999
458,0.46153846155,0.20512820513333332,59.139999999999986
459,0.46153846155,0.230769230775,59.00750000000001
460,0.46153846155,0.25641025641666665,58.60562500000001
461,0.46153846155,0.2820512820583333,58.163125
462,0.46153846155,0.3076923077,57.77312500000001
463,0.46153846155,0.33333333334166665,57.535000000000004
464,0.46153846155,0.3589743589833333,57.230624999999996
465,0.46153846155,0.384615384625,56.86375
466,0.46153846155,0.41025641026666665,56.316875
467,0.46153846155,0.4358974359083333,55.78499999999999
468,0.46153846155,0.46153846155,55.290000000000006
469,0.46153846155,0.48717948719166665,54.82062499999999
470,0.46153846155,0.5128205128333333,54.364999999999995
471,0.46153846155,0.538461538475,53.85187500000001
472,0.46153846155,0.5641025641166666,53.356875
473,0.46153846155,0.5897435897583333,53.092499999999994
474,0.46153846155,0.6153846154,53.46625
475,0.48717948719166665,0.0,56.4875
476,0.48717948719166665,0.025641025641666666,56.65687499999999
477,0.48717948719166665,0.05128205128333333,56.80312500000001
478,0.48717948719166665,0.076923076925,56.77
479,0.48717948719166665,0.10256410256666666,56.72249999999999
480,0.48717948719166665,0.12820512820833332,56.83125
481,0.48717948719166665,0.15384615385,57.265625
482,0.48717948719166665,0.17948717949166665,57.85625
483,0.48717948719166665,0.20512820513333332,58.356875
484,0.48717948719166665,0.230769230775,58.42625
485,0.48717948719166665,0.25641025641666665,57.98937500000001
486,0.48717948719166665,0.2820512820583333,57.50812499999999
487,0.48717948719166665,0.3076923077,57.208124999999995
488,0.48717948719166665,0.33333333334166665,57.06999999999999
489,0.48717948719166665,0.3589743589833333,56.8925
490,0.48717948719166665,0.384615384625,56.61437500000001
491,0.48717948719166665,0.41025641026666665,56.2125
492,0.48717948719166665,0.4358974359083333,55.82562499999999
493,0.48717948719166665,0.46153846155,55.42999999999999
494,0.48717948719166665,0.48717948719166665,54.966874999999995
495,0.48717948719166665,0.5128205128333333,54.449374999999996
496,0.48717948719166665,0.538461538475,53.88250000000001
497,0.48717948719166665,0.5641025641166666,53.465625
498,0.48717948719166665,0.5897435897583333,53.534375
499,0.48717948719166665,0.6153846154,53.26625
500,0.5128205128333333,0.0,55.964375000000004
501,0.5128205128333333,0.025641025641666666,56.18499999999999
502,0.5128205128333333,0.05128205128333333,56.16437499999999
503,0.5128205128333333,0.076923076925,55.843125
504,0.5128205128333333,0.10256410256666666,55.670000000000016
505,0.5128205128333333,0.12820512820833332,55.782500000000006
506,0.5128205128333333,0.15384615385,56.19500000000001
507,0.5128205128333333,0.17948717949166665,56.974374999999995
508,0.5128205128333333,0.20512820513333332,57.541875000000005
509,0.5128205128333333,0.230769230775,57.729375000000005
510,0.5128205128333333,0.25641025641666665,57.43625000000001
511,0.5128205128333333,0.2820512820583333,56.916250000000005
512,0.5128205128333333,0.3076923077,56.529374999999995
513,0.5128205128333333,0.33333333334166665,56.29937500000001
514,0.5128205128333333,0.3589743589833333,56.126250000000006
515,0.5128205128333333,0.384615384625,55.927499999999995
516,0.5128205128333333,0.41025641026666665,55.6425
517,0.5128205128333333,0.4358974359083333,55.30499999999999
518,0.5128205128333333,0.46153846155,54.964375
519,0.5128205128333333,0.48717948719166665,54.63312500000001
520,0.5128205128333333,0.5128205128333333,54.264374999999994
521,0.5128205128333333,0.538461538475,53.92062500000001
522,0.5128205128333333,0.5641025641166666,53.511874999999996
523,0.5128205128333333,0.5897435897583333,53.240625
524,0.5128205128333333,0.6153846154,53.19375
525,0.538461538475,0.0,55.675
526,0.538461538475,0.025641025641666666,55.531875000000014
527,0.538461538475,0.05128205128333333,55.128125
528,0.538461538475,0.076923076925,54.91875
529,0.538461538475,0.10256410256666666,54.878125
530,0.538461538475,0.12820512820833332,55.03687500000001
531,0.538461538475,0.15384615385,55.444375
532,0.538461538475,0.17948717949166665,56.120625
533,0.538461538475,0.20512820513333332,56.791875000000005
534,0.538461538475,0.230769230775,57.1025
535,0.538461538475,0.25641025641666665,57.0225
536,0.538461538475,0.2820512820583333,56.63687500000001
537,0.538461538475,0.3076923077,56.13312500000001
538,0.538461538475,0.33333333334166665,55.770624999999995
539,0.538461538475,0.3589743589833333,55.42937500000001
540,0.538461538475,0.384615384625,55.13750000000001
541,0.538461538475,0.41025641026666665,54.86562499999999
542,0.538461538475,0.4358974359083333,54.59062499999999
543,0.538461538475,0.46153846155,54.248125
544,0.538461538475,0.48717948719166665,53.802499999999995
545,0.538461538475,0.5128205128333333,53.45375
546,0.538461538475,0.538461538475,53.40625
547,0.538461538475,0.5641025641166666,53.225
548,0.538461538475,0.5897435897583333,53.174375
549,0.538461538475,0.6153846154,53.22687499999999
550,0.5641025641166666,0.0,54.57375
551,0.5641025641166666,0.025641025641666666,54.434375
552,0.5641025641166666,0.05128205128333333,54.419375
553,0.5641025641166666,0.076923076925,54.403125
554,0.5641025641166666,0.10256410256666666,54.423125000000006
555,0.5641025641166666,0.12820512820833332,54.48875000000002
556,0.5641025641166666,0.15384615385,54.746249999999996
557,0.5641025641166666,0.17948717949166665,55.145624999999995
558,0.5641025641166666,0.20512820513333332,55.63312500000001
559,0.5641025641166666,0.230769230775,56.11125
560,0.5641025641166666,0.25641025641666665,56.57625
561,0.5641025641166666,0.2820512820583333,56.4775
562,0.5641025641166666,0.3076923077,55.915
563,0.5641025641166666,0.33333333334166665,55.376875000000005
564,0.5641025641166666,0.3589743589833333,54.94999999999999
565,0.5641025641166666,0.384615384625,54.629374999999996
566,0.5641025641166666,0.41025641026666665,54.26812500000001
567,0.5641025641166666,0.4358974359083333,53.646875
568,0.5641025641166666,0.46153846155,53.10624999999999
569,0.5641025641166666,0.48717948719166665,53.228125
570,0.5641025641166666,0.5128205128333333,53.00625
571,0.5641025641166666,0.538461538475,52.753750000000004
572,0.5641025641166666,0.5641025641166666,52.636874999999996
573,0.5641025641166666,0.5897435897583333,52.77374999999999
574,0.5641025641166666,0.6153846154,52.979375000000005
575,0.5897435897583333,0.0,53.848125
576,0.5897435897583333,0.025641025641666666,53.93437500000001
577,0.5897435897583333,0.05128205128333333,54.05375
578,0.5897435897583333,0.076923076925,54.13250000000001
579,0.5897435897583333,0.10256410256666666,54.126250000000006
580,0.5897435897583333,0.12820512820833332,54.11187500000001
581,0.5897435897583333,0.15384615385,54.170624999999994
582,0.5897435897583333,0.17948717949166665,54.18125
583,0.5897435897583333,0.20512820513333332,54.3725
584,0.5897435897583333,0.230769230775,54.64375
585,0.5897435897583333,0.25641025641666665,55.17375
586,0.5897435897583333,0.2820512820583333,55.725624999999994
587,0.5897435897583333,0.3076923077,55.853750000000005
588,0.5897435897583333,0.33333333334166665,55.334375
589,0.5897435897583333,0.3589743589833333,54.64125
590,0.5897435897583333,0.384615384625,53.68125
591,0.5897435897583333,0.41025641026666665,53.19812499999999
592,0.5897435897583333,0.4358974359083333,53.42812500000001
593,0.5897435897583333,0.46153846155,53.1425
594,0.5897435897583333,0.48717948719166665,52.72625000000001
595,0.5897435897583333,0.5128205128333333,52.370000000000005
596,0.5897435897583333,0.538461538475,52.05499999999999
597,0.5897435897583333,0.5641025641166666,51.950625
598,0.5897435897583333,0.5897435897583333,52.03687500000001
599,0.5897435897583333,0.6153846154,52.254375
600,0.6153846154,0.0,53.22687500000001
601,0.6153846154,0.025641025641666666,53.29375
602,0.6153846154,0.05128205128333333,53.42937500000001
603,0.6153846154,0.076923076925,53.598124999999996
604,0.6153846154,0.10256410256666666,53.732499999999995
605,0.6153846154,0.12820512820833332,53.776875000000004
606,0.6153846154,0.15384615385,53.63312499999999
607,0.6153846154,0.17948717949166665,53.4225
608,0.6153846154,0.20512820513333332,53.394999999999996
609,0.6153846154,0.230769230775,53.31125000000001
610,0.6153846154,0.25641025641666665,53.48562499999999
611,0.6153846154,0.2820512820583333,53.998125
612,0.6153846154,0.3076923077,54.59250000000001
613,0.6153846154,0.33333333334166665,54.385000000000005
614,0.6153846154,0.3589743589833333,54.30375
615,0.6153846154,0.384615384625,54.20000000000001
616,0.6153846154,0.41025641026666665,53.634375
617,0.6153846154,0.4358974359083333,53.275
618,0.6153846154,0.46153846155,52.925
619,0.6153846154,0.48717948719166665,52.561249999999994
620,0.6153846154,0.5128205128333333,52.093125
621,0.6153846154,0.538461538475,51.692499999999995
622,0.6153846154,0.5641025641166666,51.463750000000005
623,0.6153846154,0.5897435897583333,51.44937500000001
624,0.6153846154,0.6153846154,51.621875
