,Theta,Phi,Accuracy
0,0.0,0.0,77.875
1,0.0,0.025,77.6175
2,0.0,0.05,76.9275
3,0.0,0.07500000000000001,75.91
4,0.0,0.1,74.455
5,0.0,0.125,71.82
6,0.0,0.15000000000000002,69.61
7,0.0,0.17500000000000002,67.39
8,0.0,0.2,62.9825
9,0.0,0.225,59.9425
10,0.0,0.25,55.195
11,0.0,0.275,54.205
12,0.0,0.30000000000000004,50.04
13,0.0,0.325,45.45
14,0.0,0.35000000000000003,42.7325
15,0.0,0.375,38.4175
16,0.0,0.4,36.3525
17,0.0,0.42500000000000004,32.305
18,0.0,0.45,29.42
19,0.0,0.47500000000000003,27.345
20,0.0,0.5,25.3125
21,0.0,0.525,22.8025
22,0.0,0.55,21.1525
23,0.0,0.5750000000000001,18.62
24,0.0,0.6000000000000001,17.925
25,0.0,0.625,17.2675
26,0.0,0.65,15.7425
27,0.0,0.675,14.7425
28,0.0,0.7000000000000001,16.16
29,0.0,0.7250000000000001,14.5375
30,0.0,0.75,13.8225
31,0.0,0.775,12.185
32,0.0,0.8,12.8625
33,0.0,0.8250000000000001,11.915
34,0.0,0.8500000000000001,11.29
35,0.0,0.875,11.8
36,0.0,0.9,10.66
37,0.0,0.925,10.425
38,0.0,0.9500000000000001,10.4675
39,0.0,0.9750000000000001,11.2425
40,0.0,1.0,10.9975
41,0.025,0.0,77.7075
42,0.025,0.025,77.3875
43,0.025,0.05,76.6675
44,0.025,0.07500000000000001,75.555
45,0.025,0.1,73.6625
46,0.025,0.125,71.6525
47,0.025,0.15000000000000002,69.62
48,0.025,0.17500000000000002,67.1025
49,0.025,0.2,63.475
50,0.025,0.225,59.8
51,0.025,0.25,55.31
52,0.025,0.275,51.39
53,0.025,0.30000000000000004,48.86
54,0.025,0.325,44.86
55,0.025,0.35000000000000003,41.395
56,0.025,0.375,38.31
57,0.025,0.4,34.9225
58,0.025,0.42500000000000004,32.42
59,0.025,0.45,30.2075
60,0.025,0.47500000000000003,28.0875
61,0.025,0.5,25.12
62,0.025,0.525,23.1225
63,0.025,0.55,21.2075
64,0.025,0.5750000000000001,19.945
65,0.025,0.6000000000000001,18.6525
66,0.025,0.625,18.4
67,0.025,0.65,16.3025
68,0.025,0.675,14.1575
69,0.025,0.7000000000000001,15.7775
70,0.025,0.7250000000000001,12.9975
71,0.025,0.75,12.895
72,0.025,0.775,11.5725
73,0.025,0.8,13.7825
74,0.025,0.8250000000000001,11.575
75,0.025,0.8500000000000001,11.245
76,0.025,0.875,10.83
77,0.025,0.9,12.4225
78,0.025,0.925,11.7225
79,0.025,0.9500000000000001,12.1025
80,0.025,0.9750000000000001,11.0325
81,0.025,1.0,11.5125
82,0.05,0.0,77.1075
83,0.05,0.025,76.7575
84,0.05,0.05,76.555
85,0.05,0.07500000000000001,75.0975
86,0.05,0.1,72.885
87,0.05,0.125,70.7275
88,0.05,0.15000000000000002,68.6525
89,0.05,0.17500000000000002,65.8825
90,0.05,0.2,63.2625
91,0.05,0.225,58.5525
92,0.05,0.25,55.76
93,0.05,0.275,52.4875
94,0.05,0.30000000000000004,48.5175
95,0.05,0.325,44.79
96,0.05,0.35000000000000003,42.9
97,0.05,0.375,38.1125
98,0.05,0.4,34.655
99,0.05,0.42500000000000004,31.94
100,0.05,0.45,29.415
101,0.05,0.47500000000000003,26.7025
102,0.05,0.5,24.875
103,0.05,0.525,24.96
104,0.05,0.55,20.175
105,0.05,0.5750000000000001,19.385
106,0.05,0.6000000000000001,18.6
107,0.05,0.625,18.2025
108,0.05,0.65,17.3175
109,0.05,0.675,16.595
110,0.05,0.7000000000000001,14.8225
111,0.05,0.7250000000000001,13.8025
112,0.05,0.75,12.64
113,0.05,0.775,11.38
114,0.05,0.8,11.93
115,0.05,0.8250000000000001,11.3425
116,0.05,0.8500000000000001,11.65
117,0.05,0.875,10.59
118,0.05,0.9,11.355
119,0.05,0.925,11.0975
120,0.05,0.9500000000000001,12.395
121,0.05,0.9750000000000001,11.3775
122,0.05,1.0,11.03
123,0.07500000000000001,0.0,76.2875
124,0.07500000000000001,0.025,76.005
125,0.07500000000000001,0.05,75.3975
126,0.07500000000000001,0.07500000000000001,74.1075
127,0.07500000000000001,0.1,73.0425
128,0.07500000000000001,0.125,69.8675
129,0.07500000000000001,0.15000000000000002,67.7325
130,0.07500000000000001,0.17500000000000002,65.2725
131,0.07500000000000001,0.2,61.1625
132,0.07500000000000001,0.225,60.035
133,0.07500000000000001,0.25,54.385
134,0.07500000000000001,0.275,51.255
135,0.07500000000000001,0.30000000000000004,48.5275
136,0.07500000000000001,0.325,45.845
137,0.07500000000000001,0.35000000000000003,42.105
138,0.07500000000000001,0.375,37.9225
139,0.07500000000000001,0.4,34.385
140,0.07500000000000001,0.42500000000000004,33.495
141,0.07500000000000001,0.45,29.71
142,0.07500000000000001,0.47500000000000003,25.44
143,0.07500000000000001,0.5,23.5525
144,0.07500000000000001,0.525,23.83
145,0.07500000000000001,0.55,21.1025
146,0.07500000000000001,0.5750000000000001,19.6375
147,0.07500000000000001,0.6000000000000001,18.545
148,0.07500000000000001,0.625,17.13
149,0.07500000000000001,0.65,17.5125
150,0.07500000000000001,0.675,15.54
151,0.07500000000000001,0.7000000000000001,13.94
152,0.07500000000000001,0.7250000000000001,13.4225
153,0.07500000000000001,0.75,14.3725
154,0.07500000000000001,0.775,12.7375
155,0.07500000000000001,0.8,12.61
156,0.07500000000000001,0.8250000000000001,12.425
157,0.07500000000000001,0.8500000000000001,11.96
158,0.07500000000000001,0.875,11.46
159,0.07500000000000001,0.9,12.055
160,0.07500000000000001,0.925,11.75
161,0.07500000000000001,0.9500000000000001,10.39
162,0.07500000000000001,0.9750000000000001,8.9025
163,0.07500000000000001,1.0,9.8475
164,0.1,0.0,74.6775
165,0.1,0.025,74.8475
166,0.1,0.05,73.96
167,0.1,0.07500000000000001,72.525
168,0.1,0.1,70.6275
169,0.1,0.125,69.36
170,0.1,0.15000000000000002,66.5875
171,0.1,0.17500000000000002,63.955
172,0.1,0.2,61.155
173,0.1,0.225,57.575
174,0.1,0.25,54.3975
175,0.1,0.275,50.525
176,0.1,0.30000000000000004,47.64
177,0.1,0.325,42.8175
178,0.1,0.35000000000000003,38.2425
179,0.1,0.375,37.2825
180,0.1,0.4,33.8925
181,0.1,0.42500000000000004,31.8425
182,0.1,0.45,29.61
183,0.1,0.47500000000000003,25.15
184,0.1,0.5,22.9675
185,0.1,0.525,21.3875
186,0.1,0.55,21.01
187,0.1,0.5750000000000001,20.2525
188,0.1,0.6000000000000001,18.32
189,0.1,0.625,16.295
190,0.1,0.65,16.1925
191,0.1,0.675,15.745
192,0.1,0.7000000000000001,13.645
193,0.1,0.7250000000000001,13.335
194,0.1,0.75,13.85
195,0.1,0.775,12.4925
196,0.1,0.8,13.5825
197,0.1,0.8250000000000001,11.3525
198,0.1,0.8500000000000001,12.445
199,0.1,0.875,11.5525
200,0.1,0.9,11.41
201,0.1,0.925,10.33
202,0.1,0.9500000000000001,12.0675
203,0.1,0.9750000000000001,10.4825
204,0.1,1.0,9.5875
205,0.125,0.0,73.3625
206,0.125,0.025,72.5225
207,0.125,0.05,72.44
208,0.125,0.07500000000000001,70.2225
209,0.125,0.1,69.1625
210,0.125,0.125,67.6925
211,0.125,0.15000000000000002,64.7975
212,0.125,0.17500000000000002,61.485
213,0.125,0.2,58.5075
214,0.125,0.225,55.195
215,0.125,0.25,52.98
216,0.125,0.275,48.355
217,0.125,0.30000000000000004,46.6525
218,0.125,0.325,42.545
219,0.125,0.35000000000000003,39.4275
220,0.125,0.375,37.36
221,0.125,0.4,33.8775
222,0.125,0.42500000000000004,29.105
223,0.125,0.45,29.4275
224,0.125,0.47500000000000003,26.065
225,0.125,0.5,23.79
226,0.125,0.525,22.8875
227,0.125,0.55,21.84
228,0.125,0.5750000000000001,18.65
229,0.125,0.6000000000000001,17.0825
230,0.125,0.625,16.385
231,0.125,0.65,15.87
232,0.125,0.675,14.42
233,0.125,0.7000000000000001,13.595
234,0.125,0.7250000000000001,13.855
235,0.125,0.75,12.6075
236,0.125,0.775,12.0675
237,0.125,0.8,13.4375
238,0.125,0.8250000000000001,12.34
239,0.125,0.8500000000000001,12.5625
240,0.125,0.875,11.755
241,0.125,0.9,11.5575
242,0.125,0.925,10.2075
243,0.125,0.9500000000000001,10.775
244,0.125,0.9750000000000001,11.07
245,0.125,1.0,10.51
246,0.15000000000000002,0.0,70.3575
247,0.15000000000000002,0.025,70.965
248,0.15000000000000002,0.05,69.895
249,0.15000000000000002,0.07500000000000001,69.105
250,0.15000000000000002,0.1,67.0325
251,0.15000000000000002,0.125,65.0875
252,0.15000000000000002,0.15000000000000002,61.1525
253,0.15000000000000002,0.17500000000000002,59.99
254,0.15000000000000002,0.2,57.785
255,0.15000000000000002,0.225,55.5575
256,0.15000000000000002,0.25,49.9225
257,0.15000000000000002,0.275,47.9625
258,0.15000000000000002,0.30000000000000004,46.2325
259,0.15000000000000002,0.325,40.5025
260,0.15000000000000002,0.35000000000000003,38.6425
261,0.15000000000000002,0.375,36.3425
262,0.15000000000000002,0.4,32.1475
263,0.15000000000000002,0.42500000000000004,29.9775
264,0.15000000000000002,0.45,29.175
265,0.15000000000000002,0.47500000000000003,27.085
266,0.15000000000000002,0.5,21.3875
267,0.15000000000000002,0.525,19.4625
268,0.15000000000000002,0.55,19.95
269,0.15000000000000002,0.5750000000000001,18.8225
270,0.15000000000000002,0.6000000000000001,17.81
271,0.15000000000000002,0.625,17.0325
272,0.15000000000000002,0.65,14.5525
273,0.15000000000000002,0.675,13.5975
274,0.15000000000000002,0.7000000000000001,14.0225
275,0.15000000000000002,0.7250000000000001,11.9875
276,0.15000000000000002,0.75,13.455
277,0.15000000000000002,0.775,13.365
278,0.15000000000000002,0.8,12.7525
279,0.15000000000000002,0.8250000000000001,12.8825
280,0.15000000000000002,0.8500000000000001,11.285
281,0.15000000000000002,0.875,11.04
282,0.15000000000000002,0.9,11.5125
283,0.15000000000000002,0.925,10.94
284,0.15000000000000002,0.9500000000000001,10.7325
285,0.15000000000000002,0.9750000000000001,11.0
286,0.15000000000000002,1.0,11.3025
287,0.17500000000000002,0.0,68.1325
288,0.17500000000000002,0.025,68.04
289,0.17500000000000002,0.05,67.435
290,0.17500000000000002,0.07500000000000001,67.125
291,0.17500000000000002,0.1,64.765
292,0.17500000000000002,0.125,63.565
293,0.17500000000000002,0.15000000000000002,61.1225
294,0.17500000000000002,0.17500000000000002,58.1
295,0.17500000000000002,0.2,56.0525
296,0.17500000000000002,0.225,52.01
297,0.17500000000000002,0.25,49.5275
298,0.17500000000000002,0.275,47.385
299,0.17500000000000002,0.30000000000000004,42.4975
300,0.17500000000000002,0.325,38.4525
301,0.17500000000000002,0.35000000000000003,37.6425
302,0.17500000000000002,0.375,34.6925
303,0.17500000000000002,0.4,32.175
304,0.17500000000000002,0.42500000000000004,30.665
305,0.17500000000000002,0.45,26.7225
306,0.17500000000000002,0.47500000000000003,25.92
307,0.17500000000000002,0.5,21.715
308,0.17500000000000002,0.525,21.82
309,0.17500000000000002,0.55,20.7125
310,0.17500000000000002,0.5750000000000001,18.925
311,0.17500000000000002,0.6000000000000001,17.2525
312,0.17500000000000002,0.625,16.0625
313,0.17500000000000002,0.65,14.985
314,0.17500000000000002,0.675,14.2825
315,0.17500000000000002,0.7000000000000001,14.3425
316,0.17500000000000002,0.7250000000000001,13.56
317,0.17500000000000002,0.75,13.5475
318,0.17500000000000002,0.775,13.355
319,0.17500000000000002,0.8,11.5375
320,0.17500000000000002,0.8250000000000001,12.3225
321,0.17500000000000002,0.8500000000000001,11.79
322,0.17500000000000002,0.875,12.355
323,0.17500000000000002,0.9,11.0375
324,0.17500000000000002,0.925,11.245
325,0.17500000000000002,0.9500000000000001,10.5675
326,0.17500000000000002,0.9750000000000001,11.31
327,0.17500000000000002,1.0,10.49
328,0.2,0.0,65.4925
329,0.2,0.025,65.8825
330,0.2,0.05,65.1325
331,0.2,0.07500000000000001,63.4675
332,0.2,0.1,60.625
333,0.2,0.125,60.575
334,0.2,0.15000000000000002,59.7625
335,0.2,0.17500000000000002,54.8225
336,0.2,0.2,52.0225
337,0.2,0.225,50.6525
338,0.2,0.25,47.6725
339,0.2,0.275,44.195
340,0.2,0.30000000000000004,42.95
341,0.2,0.325,38.9175
342,0.2,0.35000000000000003,35.575
343,0.2,0.375,34.1375
344,0.2,0.4,31.295
345,0.2,0.42500000000000004,29.21
346,0.2,0.45,26.78
347,0.2,0.47500000000000003,21.45
348,0.2,0.5,22.6575
349,0.2,0.525,20.01
350,0.2,0.55,21.0625
351,0.2,0.5750000000000001,17.4525
352,0.2,0.6000000000000001,16.7775
353,0.2,0.625,17.1725
354,0.2,0.65,15.8225
355,0.2,0.675,14.9525
356,0.2,0.7000000000000001,14.6225
357,0.2,0.7250000000000001,12.42
358,0.2,0.75,12.0875
359,0.2,0.775,12.665
360,0.2,0.8,11.9325
361,0.2,0.8250000000000001,12.1625
362,0.2,0.8500000000000001,11.39
363,0.2,0.875,10.905
364,0.2,0.9,12.12
365,0.2,0.925,10.8575
366,0.2,0.9500000000000001,11.3375
367,0.2,0.9750000000000001,10.4475
368,0.2,1.0,10.6825
369,0.225,0.0,62.19
370,0.225,0.025,62.0975
371,0.225,0.05,60.85
372,0.225,0.07500000000000001,60.255
373,0.225,0.1,58.5375
374,0.225,0.125,57.2375
375,0.225,0.15000000000000002,55.925
376,0.225,0.17500000000000002,51.5
377,0.225,0.2,50.545
378,0.225,0.225,48.775
379,0.225,0.25,45.1925
380,0.225,0.275,42.1325
381,0.225,0.30000000000000004,39.4175
382,0.225,0.325,36.95
383,0.225,0.35000000000000003,33.74
384,0.225,0.375,31.725
385,0.225,0.4,30.475
386,0.225,0.42500000000000004,27.44
387,0.225,0.45,24.9775
388,0.225,0.47500000000000003,25.9325
389,0.225,0.5,21.2475
390,0.225,0.525,20.5075
391,0.225,0.55,19.8275
392,0.225,0.5750000000000001,18.055
393,0.225,0.6000000000000001,15.61
394,0.225,0.625,14.94
395,0.225,0.65,14.63
396,0.225,0.675,15.225
397,0.225,0.7000000000000001,14.695
398,0.225,0.7250000000000001,13.205
399,0.225,0.75,12.8475
400,0.225,0.775,12.005
401,0.225,0.8,13.1675
402,0.225,0.8250000000000001,11.8775
403,0.225,0.8500000000000001,11.3275
404,0.225,0.875,10.9925
405,0.225,0.9,13.155
406,0.225,0.925,12.365
407,0.225,0.9500000000000001,10.8
408,0.225,0.9750000000000001,11.6625
409,0.225,1.0,12.0825
410,0.25,0.0,58.355
411,0.25,0.025,60.1475
412,0.25,0.05,57.48
413,0.25,0.07500000000000001,57.215
414,0.25,0.1,54.34
415,0.25,0.125,54.23
416,0.25,0.15000000000000002,53.5325
417,0.25,0.17500000000000002,50.21
418,0.25,0.2,47.9275
419,0.25,0.225,46.8
420,0.25,0.25,43.5775
421,0.25,0.275,41.875
422,0.25,0.30000000000000004,38.6625
423,0.25,0.325,34.83
424,0.25,0.35000000000000003,33.015
425,0.25,0.375,30.0375
426,0.25,0.4,29.2925
427,0.25,0.42500000000000004,27.505
428,0.25,0.45,24.735
429,0.25,0.47500000000000003,23.295
430,0.25,0.5,21.385
431,0.25,0.525,20.13
432,0.25,0.55,18.1075
433,0.25,0.5750000000000001,17.6525
434,0.25,0.6000000000000001,17.1875
435,0.25,0.625,14.965
436,0.25,0.65,14.21
437,0.25,0.675,14.475
438,0.25,0.7000000000000001,12.955
439,0.25,0.7250000000000001,12.8875
440,0.25,0.75,12.6675
441,0.25,0.775,11.73
442,0.25,0.8,13.21
443,0.25,0.8250000000000001,11.48
444,0.25,0.8500000000000001,10.9375
445,0.25,0.875,12.025
446,0.25,0.9,9.93
447,0.25,0.925,11.2375
448,0.25,0.9500000000000001,10.2975
449,0.25,0.9750000000000001,11.325
450,0.25,1.0,10.1025
451,0.275,0.0,56.65
452,0.275,0.025,54.3325
453,0.275,0.05,54.2625
454,0.275,0.07500000000000001,54.01
455,0.275,0.1,54.0525
456,0.275,0.125,51.6825
457,0.275,0.15000000000000002,51.2175
458,0.275,0.17500000000000002,46.8525
459,0.275,0.2,48.205
460,0.275,0.225,42.8675
461,0.275,0.25,41.2925
462,0.275,0.275,40.0825
463,0.275,0.30000000000000004,37.46
464,0.275,0.325,34.4675
465,0.275,0.35000000000000003,34.7425
466,0.275,0.375,30.025
467,0.275,0.4,27.1225
468,0.275,0.42500000000000004,25.5425
469,0.275,0.45,24.4975
470,0.275,0.47500000000000003,24.0375
471,0.275,0.5,21.6725
472,0.275,0.525,18.1925
473,0.275,0.55,19.3675
474,0.275,0.5750000000000001,17.4475
475,0.275,0.6000000000000001,17.6075
476,0.275,0.625,14.6
477,0.275,0.65,14.33
478,0.275,0.675,12.0875
479,0.275,0.7000000000000001,13.3225
480,0.275,0.7250000000000001,13.0475
481,0.275,0.75,12.1575
482,0.275,0.775,12.1425
483,0.275,0.8,11.6425
484,0.275,0.8250000000000001,11.065
485,0.275,0.8500000000000001,11.22
486,0.275,0.875,12.1
487,0.275,0.9,10.95
488,0.275,0.925,10.41
489,0.275,0.9500000000000001,10.4875
490,0.275,0.9750000000000001,10.3725
491,0.275,1.0,10.755
492,0.30000000000000004,0.0,52.3275
493,0.30000000000000004,0.025,52.375
494,0.30000000000000004,0.05,51.95
495,0.30000000000000004,0.07500000000000001,50.9325
496,0.30000000000000004,0.1,49.5
497,0.30000000000000004,0.125,48.4
498,0.30000000000000004,0.15000000000000002,47.08
499,0.30000000000000004,0.17500000000000002,47.2975
500,0.30000000000000004,0.2,41.885
501,0.30000000000000004,0.225,39.805
502,0.30000000000000004,0.25,40.9075
503,0.30000000000000004,0.275,36.21
504,0.30000000000000004,0.30000000000000004,33.6075
505,0.30000000000000004,0.325,32.825
506,0.30000000000000004,0.35000000000000003,32.7175
507,0.30000000000000004,0.375,28.92
508,0.30000000000000004,0.4,26.27
509,0.30000000000000004,0.42500000000000004,24.0175
510,0.30000000000000004,0.45,21.97
511,0.30000000000000004,0.47500000000000003,21.21
512,0.30000000000000004,0.5,21.15
513,0.30000000000000004,0.525,19.2075
514,0.30000000000000004,0.55,19.7025
515,0.30000000000000004,0.5750000000000001,17.1075
516,0.30000000000000004,0.6000000000000001,16.4725
517,0.30000000000000004,0.625,15.5
518,0.30000000000000004,0.65,13.2125
519,0.30000000000000004,0.675,13.66
520,0.30000000000000004,0.7000000000000001,14.32
521,0.30000000000000004,0.7250000000000001,13.475
522,0.30000000000000004,0.75,12.5
523,0.30000000000000004,0.775,11.985
524,0.30000000000000004,0.8,12.4375
525,0.30000000000000004,0.8250000000000001,12.12
526,0.30000000000000004,0.8500000000000001,11.06
527,0.30000000000000004,0.875,12.37
528,0.30000000000000004,0.9,12.16
529,0.30000000000000004,0.925,10.2825
530,0.30000000000000004,0.9500000000000001,11.51
531,0.30000000000000004,0.9750000000000001,10.6525
532,0.30000000000000004,1.0,10.6525
533,0.325,0.0,50.1925
534,0.325,0.025,51.0225
535,0.325,0.05,47.545
536,0.325,0.07500000000000001,47.34
537,0.325,0.1,46.43
538,0.325,0.125,46.9225
539,0.325,0.15000000000000002,45.285
540,0.325,0.17500000000000002,42.975
541,0.325,0.2,41.7525
542,0.325,0.225,38.5075
543,0.325,0.25,35.205
544,0.325,0.275,35.5425
545,0.325,0.30000000000000004,33.985
546,0.325,0.325,29.7425
547,0.325,0.35000000000000003,28.09
548,0.325,0.375,26.53
549,0.325,0.4,26.37
550,0.325,0.42500000000000004,22.89
551,0.325,0.45,22.6875
552,0.325,0.47500000000000003,20.545
553,0.325,0.5,20.1875
554,0.325,0.525,16.705
555,0.325,0.55,16.8725
556,0.325,0.5750000000000001,16.1775
557,0.325,0.6000000000000001,13.52
558,0.325,0.625,13.8375
559,0.325,0.65,13.675
560,0.325,0.675,12.95
561,0.325,0.7000000000000001,13.695
562,0.325,0.7250000000000001,14.905
563,0.325,0.75,12.6775
564,0.325,0.775,11.885
565,0.325,0.8,11.8925
566,0.325,0.8250000000000001,10.8725
567,0.325,0.8500000000000001,10.9675
568,0.325,0.875,11.3525
569,0.325,0.9,10.7625
570,0.325,0.925,10.305
571,0.325,0.9500000000000001,11.2875
572,0.325,0.9750000000000001,9.425
573,0.325,1.0,10.6475
574,0.35000000000000003,0.0,47.275
575,0.35000000000000003,0.025,48.565
576,0.35000000000000003,0.05,45.8375
577,0.35000000000000003,0.07500000000000001,45.8975
578,0.35000000000000003,0.1,43.12
579,0.35000000000000003,0.125,45.8475
580,0.35000000000000003,0.15000000000000002,42.0825
581,0.35000000000000003,0.17500000000000002,41.3925
582,0.35000000000000003,0.2,37.825
583,0.35000000000000003,0.225,36.3625
584,0.35000000000000003,0.25,37.1625
585,0.35000000000000003,0.275,34.645
586,0.35000000000000003,0.30000000000000004,32.895
587,0.35000000000000003,0.325,28.9325
588,0.35000000000000003,0.35000000000000003,27.52
589,0.35000000000000003,0.375,26.3575
590,0.35000000000000003,0.4,24.95
591,0.35000000000000003,0.42500000000000004,23.0125
592,0.35000000000000003,0.45,19.7925
593,0.35000000000000003,0.47500000000000003,20.2675
594,0.35000000000000003,0.5,20.06
595,0.35000000000000003,0.525,18.21
596,0.35000000000000003,0.55,16.955
597,0.35000000000000003,0.5750000000000001,14.4775
598,0.35000000000000003,0.6000000000000001,13.6875
599,0.35000000000000003,0.625,13.6525
600,0.35000000000000003,0.65,14.6375
601,0.35000000000000003,0.675,14.7375
602,0.35000000000000003,0.7000000000000001,12.7825
603,0.35000000000000003,0.7250000000000001,12.8325
604,0.35000000000000003,0.75,11.9875
605,0.35000000000000003,0.775,11.5925
606,0.35000000000000003,0.8,12.345
607,0.35000000000000003,0.8250000000000001,12.13
608,0.35000000000000003,0.8500000000000001,10.69
609,0.35000000000000003,0.875,10.89
610,0.35000000000000003,0.9,9.8
611,0.35000000000000003,0.925,11.2925
612,0.35000000000000003,0.9500000000000001,10.915
613,0.35000000000000003,0.9750000000000001,9.165
614,0.35000000000000003,1.0,10.8975
615,0.375,0.0,44.025
616,0.375,0.025,44.88
617,0.375,0.05,42.595
618,0.375,0.07500000000000001,42.5775
619,0.375,0.1,42.95
620,0.375,0.125,40.195
621,0.375,0.15000000000000002,39.285
622,0.375,0.17500000000000002,37.4875
623,0.375,0.2,37.62
624,0.375,0.225,35.58
625,0.375,0.25,34.2475
626,0.375,0.275,31.89
627,0.375,0.30000000000000004,31.3475
628,0.375,0.325,28.09
629,0.375,0.35000000000000003,26.045
630,0.375,0.375,26.09
631,0.375,0.4,25.985
632,0.375,0.42500000000000004,22.2725
633,0.375,0.45,20.1725
634,0.375,0.47500000000000003,18.985
635,0.375,0.5,19.225
636,0.375,0.525,18.925
637,0.375,0.55,17.5275
638,0.375,0.5750000000000001,15.8675
639,0.375,0.6000000000000001,13.865
640,0.375,0.625,14.3525
641,0.375,0.65,13.365
642,0.375,0.675,13.0575
643,0.375,0.7000000000000001,13.105
644,0.375,0.7250000000000001,12.3275
645,0.375,0.75,11.825
646,0.375,0.775,12.265
647,0.375,0.8,11.2025
648,0.375,0.8250000000000001,9.9575
649,0.375,0.8500000000000001,11.44
650,0.375,0.875,9.905
651,0.375,0.9,10.84
652,0.375,0.925,11.47
653,0.375,0.9500000000000001,9.9
654,0.375,0.9750000000000001,11.835
655,0.375,1.0,10.55
656,0.4,0.0,39.3625
657,0.4,0.025,40.79
658,0.4,0.05,40.4975
659,0.4,0.07500000000000001,38.67
660,0.4,0.1,38.505
661,0.4,0.125,37.88
662,0.4,0.15000000000000002,34.63
663,0.4,0.17500000000000002,36.7475
664,0.4,0.2,33.595
665,0.4,0.225,33.3675
666,0.4,0.25,30.925
667,0.4,0.275,30.35
668,0.4,0.30000000000000004,27.7525
669,0.4,0.325,27.2825
670,0.4,0.35000000000000003,25.9375
671,0.4,0.375,23.0675
672,0.4,0.4,22.9575
673,0.4,0.42500000000000004,21.3825
674,0.4,0.45,19.845
675,0.4,0.47500000000000003,19.475
676,0.4,0.5,17.515
677,0.4,0.525,17.13
678,0.4,0.55,17.505
679,0.4,0.5750000000000001,15.2375
680,0.4,0.6000000000000001,13.8175
681,0.4,0.625,13.67
682,0.4,0.65,12.295
683,0.4,0.675,13.17
684,0.4,0.7000000000000001,11.935
685,0.4,0.7250000000000001,13.37
686,0.4,0.75,11.885
687,0.4,0.775,11.6775
688,0.4,0.8,13.0775
689,0.4,0.8250000000000001,10.855
690,0.4,0.8500000000000001,11.15
691,0.4,0.875,11.9475
692,0.4,0.9,10.2225
693,0.4,0.925,10.7425
694,0.4,0.9500000000000001,11.0225
695,0.4,0.9750000000000001,10.595
696,0.4,1.0,10.0525
697,0.42500000000000004,0.0,38.025
698,0.42500000000000004,0.025,36.93
699,0.42500000000000004,0.05,39.3525
700,0.42500000000000004,0.07500000000000001,35.1525
701,0.42500000000000004,0.1,37.3925
702,0.42500000000000004,0.125,36.4425
703,0.42500000000000004,0.15000000000000002,36.7125
704,0.42500000000000004,0.17500000000000002,33.195
705,0.42500000000000004,0.2,33.615
706,0.42500000000000004,0.225,31.27
707,0.42500000000000004,0.25,30.5875
708,0.42500000000000004,0.275,29.365
709,0.42500000000000004,0.30000000000000004,26.86
710,0.42500000000000004,0.325,27.79
711,0.42500000000000004,0.35000000000000003,24.615
712,0.42500000000000004,0.375,22.1925
713,0.42500000000000004,0.4,21.325
714,0.42500000000000004,0.42500000000000004,20.75
715,0.42500000000000004,0.45,20.3225
716,0.42500000000000004,0.47500000000000003,17.83
717,0.42500000000000004,0.5,17.7225
718,0.42500000000000004,0.525,18.255
719,0.42500000000000004,0.55,16.3525
720,0.42500000000000004,0.5750000000000001,14.5225
721,0.42500000000000004,0.6000000000000001,14.6925
722,0.42500000000000004,0.625,13.8125
723,0.42500000000000004,0.65,14.75
724,0.42500000000000004,0.675,13.7975
725,0.42500000000000004,0.7000000000000001,11.5275
726,0.42500000000000004,0.7250000000000001,12.7425
727,0.42500000000000004,0.75,10.92
728,0.42500000000000004,0.775,11.3425
729,0.42500000000000004,0.8,12.4725
730,0.42500000000000004,0.8250000000000001,11.235
731,0.42500000000000004,0.8500000000000001,11.815
732,0.42500000000000004,0.875,10.9875
733,0.42500000000000004,0.9,11.6375
734,0.42500000000000004,0.925,9.8375
735,0.42500000000000004,0.9500000000000001,11.2775
736,0.42500000000000004,0.9750000000000001,9.55
737,0.42500000000000004,1.0,9.87
738,0.45,0.0,37.2025
739,0.45,0.025,35.6375
740,0.45,0.05,34.345
741,0.45,0.07500000000000001,35.175
742,0.45,0.1,35.825
743,0.45,0.125,33.4575
744,0.45,0.15000000000000002,31.9125
745,0.45,0.17500000000000002,33.4275
746,0.45,0.2,33.4375
747,0.45,0.225,29.0175
748,0.45,0.25,28.1125
749,0.45,0.275,26.6375
750,0.45,0.30000000000000004,26.695
751,0.45,0.325,24.3775
752,0.45,0.35000000000000003,22.24
753,0.45,0.375,20.5025
754,0.45,0.4,20.955
755,0.45,0.42500000000000004,19.345
756,0.45,0.45,18.72
757,0.45,0.47500000000000003,16.99
758,0.45,0.5,17.4925
759,0.45,0.525,15.8725
760,0.45,0.55,15.13
761,0.45,0.5750000000000001,14.86
762,0.45,0.6000000000000001,13.3725
763,0.45,0.625,13.9025
764,0.45,0.65,13.4075
765,0.45,0.675,14.0975
766,0.45,0.7000000000000001,13.26
767,0.45,0.7250000000000001,12.295
768,0.45,0.75,10.3225
769,0.45,0.775,11.9875
770,0.45,0.8,10.4825
771,0.45,0.8250000000000001,11.255
772,0.45,0.8500000000000001,10.095
773,0.45,0.875,10.61
774,0.45,0.9,10.8825
775,0.45,0.925,10.985
776,0.45,0.9500000000000001,11.0925
777,0.45,0.9750000000000001,11.395
778,0.45,1.0,9.455
779,0.47500000000000003,0.0,33.145
780,0.47500000000000003,0.025,32.3175
781,0.47500000000000003,0.05,32.3175
782,0.47500000000000003,0.07500000000000001,34.145
783,0.47500000000000003,0.1,31.83
784,0.47500000000000003,0.125,30.4725
785,0.47500000000000003,0.15000000000000002,30.98
786,0.47500000000000003,0.17500000000000002,32.2575
787,0.47500000000000003,0.2,29.5675
788,0.47500000000000003,0.225,26.2225
789,0.47500000000000003,0.25,27.275
790,0.47500000000000003,0.275,25.1625
791,0.47500000000000003,0.30000000000000004,23.1475
792,0.47500000000000003,0.325,24.1
793,0.47500000000000003,0.35000000000000003,21.5575
794,0.47500000000000003,0.375,21.58
795,0.47500000000000003,0.4,19.97
796,0.47500000000000003,0.42500000000000004,20.2825
797,0.47500000000000003,0.45,16.335
798,0.47500000000000003,0.47500000000000003,16.8975
799,0.47500000000000003,0.5,17.2575
800,0.47500000000000003,0.525,16.28
801,0.47500000000000003,0.55,15.23
802,0.47500000000000003,0.5750000000000001,14.83
803,0.47500000000000003,0.6000000000000001,13.0325
804,0.47500000000000003,0.625,12.715
805,0.47500000000000003,0.65,14.0625
806,0.47500000000000003,0.675,12.7275
807,0.47500000000000003,0.7000000000000001,11.79
808,0.47500000000000003,0.7250000000000001,11.4025
809,0.47500000000000003,0.75,11.205
810,0.47500000000000003,0.775,12.545
811,0.47500000000000003,0.8,11.62
812,0.47500000000000003,0.8250000000000001,10.9975
813,0.47500000000000003,0.8500000000000001,12.4625
814,0.47500000000000003,0.875,11.02
815,0.47500000000000003,0.9,9.895
816,0.47500000000000003,0.925,11.0025
817,0.47500000000000003,0.9500000000000001,10.4975
818,0.47500000000000003,0.9750000000000001,10.9
819,0.47500000000000003,1.0,10.075
820,0.5,0.0,32.4675
821,0.5,0.025,31.385
822,0.5,0.05,30.52
823,0.5,0.07500000000000001,29.6425
824,0.5,0.1,31.08
825,0.5,0.125,29.3175
826,0.5,0.15000000000000002,28.82
827,0.5,0.17500000000000002,27.95
828,0.5,0.2,28.1825
829,0.5,0.225,25.995
830,0.5,0.25,24.325
831,0.5,0.275,23.7825
832,0.5,0.30000000000000004,23.185
833,0.5,0.325,21.865
834,0.5,0.35000000000000003,21.9775
835,0.5,0.375,20.01
836,0.5,0.4,19.67
837,0.5,0.42500000000000004,19.21
838,0.5,0.45,17.55
839,0.5,0.47500000000000003,16.0525
840,0.5,0.5,16.785
841,0.5,0.525,15.7025
842,0.5,0.55,14.7725
843,0.5,0.5750000000000001,14.66
844,0.5,0.6000000000000001,12.825
845,0.5,0.625,13.1225
846,0.5,0.65,13.195
847,0.5,0.675,12.335
848,0.5,0.7000000000000001,11.6925
849,0.5,0.7250000000000001,12.4625
850,0.5,0.75,11.04
851,0.5,0.775,11.7975
852,0.5,0.8,11.4875
853,0.5,0.8250000000000001,10.7625
854,0.5,0.8500000000000001,10.6675
855,0.5,0.875,10.4925
856,0.5,0.9,10.325
857,0.5,0.925,10.595
858,0.5,0.9500000000000001,10.3575
859,0.5,0.9750000000000001,10.0825
860,0.5,1.0,9.0725
861,0.525,0.0,26.895
862,0.525,0.025,28.2725
863,0.525,0.05,30.8825
864,0.525,0.07500000000000001,30.2475
865,0.525,0.1,29.9775
866,0.525,0.125,28.065
867,0.525,0.15000000000000002,25.52
868,0.525,0.17500000000000002,26.8275
869,0.525,0.2,27.3875
870,0.525,0.225,24.2625
871,0.525,0.25,23.8125
872,0.525,0.275,22.075
873,0.525,0.30000000000000004,23.3575
874,0.525,0.325,21.1825
875,0.525,0.35000000000000003,19.805
876,0.525,0.375,20.2
877,0.525,0.4,18.3175
878,0.525,0.42500000000000004,16.4175
879,0.525,0.45,17.0175
880,0.525,0.47500000000000003,15.475
881,0.525,0.5,15.465
882,0.525,0.525,15.0625
883,0.525,0.55,15.475
884,0.525,0.5750000000000001,13.32
885,0.525,0.6000000000000001,13.4325
886,0.525,0.625,13.375
887,0.525,0.65,11.915
888,0.525,0.675,12.375
889,0.525,0.7000000000000001,12.06
890,0.525,0.7250000000000001,10.845
891,0.525,0.75,11.9875
892,0.525,0.775,12.87
893,0.525,0.8,10.57
894,0.525,0.8250000000000001,10.46
895,0.525,0.8500000000000001,11.7525
896,0.525,0.875,10.93
897,0.525,0.9,10.7675
898,0.525,0.925,10.5375
899,0.525,0.9500000000000001,10.62
900,0.525,0.9750000000000001,9.505
901,0.525,1.0,9.8575
902,0.55,0.0,26.365
903,0.55,0.025,28.2925
904,0.55,0.05,27.395
905,0.55,0.07500000000000001,28.7025
906,0.55,0.1,26.69
907,0.55,0.125,26.9275
908,0.55,0.15000000000000002,26.84
909,0.55,0.17500000000000002,26.4925
910,0.55,0.2,23.865
911,0.55,0.225,23.8475
912,0.55,0.25,22.9225
913,0.55,0.275,22.0525
914,0.55,0.30000000000000004,22.635
915,0.55,0.325,20.9625
916,0.55,0.35000000000000003,19.1375
917,0.55,0.375,17.0925
918,0.55,0.4,16.4425
919,0.55,0.42500000000000004,17.13
920,0.55,0.45,15.2875
921,0.55,0.47500000000000003,15.635
922,0.55,0.5,14.6675
923,0.55,0.525,15.6225
924,0.55,0.55,14.9075
925,0.55,0.5750000000000001,13.9275
926,0.55,0.6000000000000001,12.7625
927,0.55,0.625,12.615
928,0.55,0.65,13.0075
929,0.55,0.675,12.4875
930,0.55,0.7000000000000001,10.9825
931,0.55,0.7250000000000001,12.6475
932,0.55,0.75,10.6725
933,0.55,0.775,10.97
934,0.55,0.8,11.1
935,0.55,0.8250000000000001,10.635
936,0.55,0.8500000000000001,11.4725
937,0.55,0.875,10.51
938,0.55,0.9,10.505
939,0.55,0.925,9.8
940,0.55,0.9500000000000001,10.1525
941,0.55,0.9750000000000001,10.4
942,0.55,1.0,11.225
943,0.5750000000000001,0.0,26.8775
944,0.5750000000000001,0.025,27.5225
945,0.5750000000000001,0.05,25.09
946,0.5750000000000001,0.07500000000000001,27.1625
947,0.5750000000000001,0.1,25.4525
948,0.5750000000000001,0.125,24.7825
949,0.5750000000000001,0.15000000000000002,24.205
950,0.5750000000000001,0.17500000000000002,24.2475
951,0.5750000000000001,0.2,25.2
952,0.5750000000000001,0.225,22.5825
953,0.5750000000000001,0.25,21.125
954,0.5750000000000001,0.275,21.6625
955,0.5750000000000001,0.30000000000000004,19.5
956,0.5750000000000001,0.325,19.3975
957,0.5750000000000001,0.35000000000000003,17.2425
958,0.5750000000000001,0.375,17.73
959,0.5750000000000001,0.4,17.945
960,0.5750000000000001,0.42500000000000004,16.33
961,0.5750000000000001,0.45,15.41
962,0.5750000000000001,0.47500000000000003,15.5225
963,0.5750000000000001,0.5,13.7725
964,0.5750000000000001,0.525,13.155
965,0.5750000000000001,0.55,12.5625
966,0.5750000000000001,0.5750000000000001,13.1075
967,0.5750000000000001,0.6000000000000001,13.5
968,0.5750000000000001,0.625,12.35
969,0.5750000000000001,0.65,12.4625
970,0.5750000000000001,0.675,12.3075
971,0.5750000000000001,0.7000000000000001,10.675
972,0.5750000000000001,0.7250000000000001,10.845
973,0.5750000000000001,0.75,11.155
974,0.5750000000000001,0.775,11.15
975,0.5750000000000001,0.8,12.025
976,0.5750000000000001,0.8250000000000001,10.2625
977,0.5750000000000001,0.8500000000000001,10.72
978,0.5750000000000001,0.875,10.3925
979,0.5750000000000001,0.9,10.43
980,0.5750000000000001,0.925,12.04
981,0.5750000000000001,0.9500000000000001,10.0925
982,0.5750000000000001,0.9750000000000001,10.1075
983,0.5750000000000001,1.0,9.6625
984,0.6000000000000001,0.0,23.8975
985,0.6000000000000001,0.025,25.3375
986,0.6000000000000001,0.05,24.2575
987,0.6000000000000001,0.07500000000000001,23.4775
988,0.6000000000000001,0.1,22.9625
989,0.6000000000000001,0.125,22.9775
990,0.6000000000000001,0.15000000000000002,23.2575
991,0.6000000000000001,0.17500000000000002,23.8375
992,0.6000000000000001,0.2,21.3575
993,0.6000000000000001,0.225,21.31
994,0.6000000000000001,0.25,19.4975
995,0.6000000000000001,0.275,20.135
996,0.6000000000000001,0.30000000000000004,18.48
997,0.6000000000000001,0.325,18.6025
998,0.6000000000000001,0.35000000000000003,17.7225
999,0.6000000000000001,0.375,17.82
1000,0.6000000000000001,0.4,16.21
1001,0.6000000000000001,0.42500000000000004,16.7375
1002,0.6000000000000001,0.45,14.83
1003,0.6000000000000001,0.47500000000000003,15.13
1004,0.6000000000000001,0.5,14.9325
1005,0.6000000000000001,0.525,13.71
1006,0.6000000000000001,0.55,12.7825
1007,0.6000000000000001,0.5750000000000001,14.3375
1008,0.6000000000000001,0.6000000000000001,13.18
1009,0.6000000000000001,0.625,11.2675
1010,0.6000000000000001,0.65,12.15
1011,0.6000000000000001,0.675,12.0575
1012,0.6000000000000001,0.7000000000000001,11.645
1013,0.6000000000000001,0.7250000000000001,11.675
1014,0.6000000000000001,0.75,10.7325
1015,0.6000000000000001,0.775,11.4375
1016,0.6000000000000001,0.8,10.75
1017,0.6000000000000001,0.8250000000000001,9.4575
1018,0.6000000000000001,0.8500000000000001,10.995
1019,0.6000000000000001,0.875,9.9725
1020,0.6000000000000001,0.9,9.6975
1021,0.6000000000000001,0.925,11.135
1022,0.6000000000000001,0.9500000000000001,9.095
1023,0.6000000000000001,0.9750000000000001,9.4625
1024,0.6000000000000001,1.0,10.245
1025,0.625,0.0,23.1475
1026,0.625,0.025,24.6225
1027,0.625,0.05,22.2825
1028,0.625,0.07500000000000001,24.3375
1029,0.625,0.1,22.1525
1030,0.625,0.125,22.4175
1031,0.625,0.15000000000000002,21.565
1032,0.625,0.17500000000000002,20.4875
1033,0.625,0.2,21.52
1034,0.625,0.225,19.5125
1035,0.625,0.25,20.93
1036,0.625,0.275,17.0925
1037,0.625,0.30000000000000004,18.4325
1038,0.625,0.325,18.205
1039,0.625,0.35000000000000003,16.375
1040,0.625,0.375,17.555
1041,0.625,0.4,16.675
1042,0.625,0.42500000000000004,16.0575
1043,0.625,0.45,14.9325
1044,0.625,0.47500000000000003,13.2425
1045,0.625,0.5,14.4
1046,0.625,0.525,11.8975
1047,0.625,0.55,12.205
1048,0.625,0.5750000000000001,12.74
1049,0.625,0.6000000000000001,11.3775
1050,0.625,0.625,11.985
1051,0.625,0.65,11.8525
1052,0.625,0.675,11.67
1053,0.625,0.7000000000000001,10.235
1054,0.625,0.7250000000000001,11.13
1055,0.625,0.75,10.7
1056,0.625,0.775,10.815
1057,0.625,0.8,10.8875
1058,0.625,0.8250000000000001,10.2575
1059,0.625,0.8500000000000001,11.1325
1060,0.625,0.875,10.4975
1061,0.625,0.9,10.53
1062,0.625,0.925,11.085
1063,0.625,0.9500000000000001,9.9925
1064,0.625,0.9750000000000001,11.0575
1065,0.625,1.0,10.01
1066,0.65,0.0,22.01
1067,0.65,0.025,22.6525
1068,0.65,0.05,22.07
1069,0.65,0.07500000000000001,21.7575
1070,0.65,0.1,19.3
1071,0.65,0.125,19.135
1072,0.65,0.15000000000000002,19.74
1073,0.65,0.17500000000000002,20.0625
1074,0.65,0.2,18.325
1075,0.65,0.225,18.9525
1076,0.65,0.25,18.825
1077,0.65,0.275,19.6375
1078,0.65,0.30000000000000004,18.5475
1079,0.65,0.325,16.68
1080,0.65,0.35000000000000003,16.1475
1081,0.65,0.375,16.475
1082,0.65,0.4,14.17
1083,0.65,0.42500000000000004,13.765
1084,0.65,0.45,13.72
1085,0.65,0.47500000000000003,13.3
1086,0.65,0.5,13.35
1087,0.65,0.525,12.67
1088,0.65,0.55,13.81
1089,0.65,0.5750000000000001,13.3925
1090,0.65,0.6000000000000001,12.1025
1091,0.65,0.625,11.025
1092,0.65,0.65,11.54
1093,0.65,0.675,10.77
1094,0.65,0.7000000000000001,11.215
1095,0.65,0.7250000000000001,12.0075
1096,0.65,0.75,10.545
1097,0.65,0.775,10.7525
1098,0.65,0.8,10.71
1099,0.65,0.8250000000000001,10.65
1100,0.65,0.8500000000000001,11.915
1101,0.65,0.875,12.3775
1102,0.65,0.9,10.66
1103,0.65,0.925,10.79
1104,0.65,0.9500000000000001,10.1625
1105,0.65,0.9750000000000001,10.6675
1106,0.65,1.0,9.75
1107,0.675,0.0,20.5325
1108,0.675,0.025,20.555
1109,0.675,0.05,19.41
1110,0.675,0.07500000000000001,19.0575
1111,0.675,0.1,19.3475
1112,0.675,0.125,20.015
1113,0.675,0.15000000000000002,18.6175
1114,0.675,0.17500000000000002,18.6675
1115,0.675,0.2,18.45
1116,0.675,0.225,17.7775
1117,0.675,0.25,17.3225
1118,0.675,0.275,17.64
1119,0.675,0.30000000000000004,15.79
1120,0.675,0.325,16.085
1121,0.675,0.35000000000000003,16.1
1122,0.675,0.375,15.1125
1123,0.675,0.4,13.985
1124,0.675,0.42500000000000004,15.0525
1125,0.675,0.45,12.99
1126,0.675,0.47500000000000003,15.505
1127,0.675,0.5,12.44
1128,0.675,0.525,13.105
1129,0.675,0.55,13.19
1130,0.675,0.5750000000000001,13.44
1131,0.675,0.6000000000000001,12.73
1132,0.675,0.625,12.055
1133,0.675,0.65,10.86
1134,0.675,0.675,11.7875
1135,0.675,0.7000000000000001,11.9225
1136,0.675,0.7250000000000001,11.9175
1137,0.675,0.75,11.05
1138,0.675,0.775,11.2575
1139,0.675,0.8,10.765
1140,0.675,0.8250000000000001,10.655
1141,0.675,0.8500000000000001,10.225
1142,0.675,0.875,10.0675
1143,0.675,0.9,10.2875
1144,0.675,0.925,10.7475
1145,0.675,0.9500000000000001,9.85
1146,0.675,0.9750000000000001,9.725
1147,0.675,1.0,9.71
1148,0.7000000000000001,0.0,19.7575
1149,0.7000000000000001,0.025,21.3975
1150,0.7000000000000001,0.05,19.1875
1151,0.7000000000000001,0.07500000000000001,20.79
1152,0.7000000000000001,0.1,18.5575
1153,0.7000000000000001,0.125,18.93
1154,0.7000000000000001,0.15000000000000002,18.0
1155,0.7000000000000001,0.17500000000000002,17.39
1156,0.7000000000000001,0.2,18.905
1157,0.7000000000000001,0.225,17.96
1158,0.7000000000000001,0.25,18.1425
1159,0.7000000000000001,0.275,16.385
1160,0.7000000000000001,0.30000000000000004,14.96
1161,0.7000000000000001,0.325,15.16
1162,0.7000000000000001,0.35000000000000003,14.0175
1163,0.7000000000000001,0.375,14.67
1164,0.7000000000000001,0.4,12.4
1165,0.7000000000000001,0.42500000000000004,14.635
1166,0.7000000000000001,0.45,12.3075
1167,0.7000000000000001,0.47500000000000003,12.975
1168,0.7000000000000001,0.5,13.815
1169,0.7000000000000001,0.525,13.88
1170,0.7000000000000001,0.55,12.1975
1171,0.7000000000000001,0.5750000000000001,12.475
1172,0.7000000000000001,0.6000000000000001,11.6875
1173,0.7000000000000001,0.625,11.5925
1174,0.7000000000000001,0.65,10.77
1175,0.7000000000000001,0.675,11.54
1176,0.7000000000000001,0.7000000000000001,11.4825
1177,0.7000000000000001,0.7250000000000001,10.36
1178,0.7000000000000001,0.75,10.625
1179,0.7000000000000001,0.775,10.2225
1180,0.7000000000000001,0.8,11.485
1181,0.7000000000000001,0.8250000000000001,11.17
1182,0.7000000000000001,0.8500000000000001,10.6825
1183,0.7000000000000001,0.875,10.17
1184,0.7000000000000001,0.9,10.7
1185,0.7000000000000001,0.925,11.3075
1186,0.7000000000000001,0.9500000000000001,10.3
1187,0.7000000000000001,0.9750000000000001,10.2925
1188,0.7000000000000001,1.0,10.3325
1189,0.7250000000000001,0.0,19.42
1190,0.7250000000000001,0.025,19.1775
1191,0.7250000000000001,0.05,19.3825
1192,0.7250000000000001,0.07500000000000001,18.725
1193,0.7250000000000001,0.1,18.1075
1194,0.7250000000000001,0.125,18.3775
1195,0.7250000000000001,0.15000000000000002,19.1475
1196,0.7250000000000001,0.17500000000000002,19.6475
1197,0.7250000000000001,0.2,17.415
1198,0.7250000000000001,0.225,16.1125
1199,0.7250000000000001,0.25,15.2825
1200,0.7250000000000001,0.275,16.565
1201,0.7250000000000001,0.30000000000000004,16.14
1202,0.7250000000000001,0.325,13.9225
1203,0.7250000000000001,0.35000000000000003,13.5575
1204,0.7250000000000001,0.375,13.19
1205,0.7250000000000001,0.4,14.3475
1206,0.7250000000000001,0.42500000000000004,12.5975
1207,0.7250000000000001,0.45,13.7075
1208,0.7250000000000001,0.47500000000000003,12.3675
1209,0.7250000000000001,0.5,12.525
1210,0.7250000000000001,0.525,12.1825
1211,0.7250000000000001,0.55,11.03
1212,0.7250000000000001,0.5750000000000001,12.315
1213,0.7250000000000001,0.6000000000000001,11.9175
1214,0.7250000000000001,0.625,10.8275
1215,0.7250000000000001,0.65,11.4
1216,0.7250000000000001,0.675,10.96
1217,0.7250000000000001,0.7000000000000001,12.1
1218,0.7250000000000001,0.7250000000000001,11.1825
1219,0.7250000000000001,0.75,9.72
1220,0.7250000000000001,0.775,9.6425
1221,0.7250000000000001,0.8,11.72
1222,0.7250000000000001,0.8250000000000001,9.6825
1223,0.7250000000000001,0.8500000000000001,10.5275
1224,0.7250000000000001,0.875,10.3875
1225,0.7250000000000001,0.9,11.475
1226,0.7250000000000001,0.925,10.4725
1227,0.7250000000000001,0.9500000000000001,10.8075
1228,0.7250000000000001,0.9750000000000001,9.92
1229,0.7250000000000001,1.0,10.965
1230,0.75,0.0,18.2325
1231,0.75,0.025,17.5975
1232,0.75,0.05,19.58
1233,0.75,0.07500000000000001,17.9325
1234,0.75,0.1,17.5025
1235,0.75,0.125,17.4075
1236,0.75,0.15000000000000002,17.735
1237,0.75,0.17500000000000002,15.9875
1238,0.75,0.2,16.3425
1239,0.75,0.225,16.7075
1240,0.75,0.25,15.385
1241,0.75,0.275,13.9425
1242,0.75,0.30000000000000004,17.2925
1243,0.75,0.325,14.325
1244,0.75,0.35000000000000003,13.9225
1245,0.75,0.375,13.7325
1246,0.75,0.4,14.055
1247,0.75,0.42500000000000004,12.83
1248,0.75,0.45,11.9025
1249,0.75,0.47500000000000003,11.93
1250,0.75,0.5,11.785
1251,0.75,0.525,11.93
1252,0.75,0.55,11.94
1253,0.75,0.5750000000000001,12.19
1254,0.75,0.6000000000000001,11.4675
1255,0.75,0.625,12.1625
1256,0.75,0.65,11.75
1257,0.75,0.675,10.185
1258,0.75,0.7000000000000001,10.6425
1259,0.75,0.7250000000000001,10.7725
1260,0.75,0.75,11.9175
1261,0.75,0.775,11.0975
1262,0.75,0.8,10.9625
1263,0.75,0.8250000000000001,11.0725
1264,0.75,0.8500000000000001,11.11
1265,0.75,0.875,10.56
1266,0.75,0.9,9.8675
1267,0.75,0.925,11.5325
1268,0.75,0.9500000000000001,9.6625
1269,0.75,0.9750000000000001,11.3275
1270,0.75,1.0,10.135
1271,0.775,0.0,16.3275
1272,0.775,0.025,15.67
1273,0.775,0.05,17.3875
1274,0.775,0.07500000000000001,14.8625
1275,0.775,0.1,16.35
1276,0.775,0.125,15.325
1277,0.775,0.15000000000000002,16.815
1278,0.775,0.17500000000000002,16.8225
1279,0.775,0.2,15.945
1280,0.775,0.225,17.9475
1281,0.775,0.25,16.055
1282,0.775,0.275,13.1875
1283,0.775,0.30000000000000004,14.5275
1284,0.775,0.325,15.38
1285,0.775,0.35000000000000003,12.995
1286,0.775,0.375,12.6925
1287,0.775,0.4,14.16
1288,0.775,0.42500000000000004,14.0075
1289,0.775,0.45,12.015
1290,0.775,0.47500000000000003,12.645
1291,0.775,0.5,12.1725
1292,0.775,0.525,12.6125
1293,0.775,0.55,12.345
1294,0.775,0.5750000000000001,11.925
1295,0.775,0.6000000000000001,11.5525
1296,0.775,0.625,10.8625
1297,0.775,0.65,10.5225
1298,0.775,0.675,10.225
1299,0.775,0.7000000000000001,11.08
1300,0.775,0.7250000000000001,11.3375
1301,0.775,0.75,10.3275
1302,0.775,0.775,10.815
1303,0.775,0.8,11.31
1304,0.775,0.8250000000000001,10.2225
1305,0.775,0.8500000000000001,12.085
1306,0.775,0.875,10.5025
1307,0.775,0.9,11.385
1308,0.775,0.925,10.3275
1309,0.775,0.9500000000000001,10.0175
1310,0.775,0.9750000000000001,10.7775
1311,0.775,1.0,9.92
1312,0.8,0.0,16.8625
1313,0.8,0.025,16.9825
1314,0.8,0.05,17.7975
1315,0.8,0.07500000000000001,15.8525
1316,0.8,0.1,16.8975
1317,0.8,0.125,15.845
1318,0.8,0.15000000000000002,15.6125
1319,0.8,0.17500000000000002,16.18
1320,0.8,0.2,14.665
1321,0.8,0.225,15.05
1322,0.8,0.25,14.7825
1323,0.8,0.275,15.5375
1324,0.8,0.30000000000000004,14.34
1325,0.8,0.325,14.705
1326,0.8,0.35000000000000003,11.4075
1327,0.8,0.375,13.3675
1328,0.8,0.4,13.3075
1329,0.8,0.42500000000000004,12.2
1330,0.8,0.45,13.9075
1331,0.8,0.47500000000000003,12.03
1332,0.8,0.5,12.4225
1333,0.8,0.525,12.455
1334,0.8,0.55,12.0025
1335,0.8,0.5750000000000001,9.8
1336,0.8,0.6000000000000001,11.5075
1337,0.8,0.625,10.4225
1338,0.8,0.65,11.0625
1339,0.8,0.675,11.5225
1340,0.8,0.7000000000000001,11.05
1341,0.8,0.7250000000000001,11.2425
1342,0.8,0.75,10.6975
1343,0.8,0.775,10.49
1344,0.8,0.8,10.0775
1345,0.8,0.8250000000000001,11.265
1346,0.8,0.8500000000000001,11.385
1347,0.8,0.875,10.9525
1348,0.8,0.9,11.95
1349,0.8,0.925,10.2775
1350,0.8,0.9500000000000001,10.78
1351,0.8,0.9750000000000001,9.4725
1352,0.8,1.0,10.41
1353,0.8250000000000001,0.0,17.2675
1354,0.8250000000000001,0.025,15.695
1355,0.8250000000000001,0.05,15.8175
1356,0.8250000000000001,0.07500000000000001,15.46
1357,0.8250000000000001,0.1,16.0875
1358,0.8250000000000001,0.125,16.195
1359,0.8250000000000001,0.15000000000000002,15.05
1360,0.8250000000000001,0.17500000000000002,13.7275
1361,0.8250000000000001,0.2,15.71
1362,0.8250000000000001,0.225,15.185
1363,0.8250000000000001,0.25,15.98
1364,0.8250000000000001,0.275,13.7675
1365,0.8250000000000001,0.30000000000000004,14.4575
1366,0.8250000000000001,0.325,14.18
1367,0.8250000000000001,0.35000000000000003,12.4725
1368,0.8250000000000001,0.375,13.5375
1369,0.8250000000000001,0.4,11.93
1370,0.8250000000000001,0.42500000000000004,13.0825
1371,0.8250000000000001,0.45,12.14
1372,0.8250000000000001,0.47500000000000003,11.9725
1373,0.8250000000000001,0.5,12.1525
1374,0.8250000000000001,0.525,11.3325
1375,0.8250000000000001,0.55,12.4875
1376,0.8250000000000001,0.5750000000000001,11.3925
1377,0.8250000000000001,0.6000000000000001,10.685
1378,0.8250000000000001,0.625,10.825
1379,0.8250000000000001,0.65,11.675
1380,0.8250000000000001,0.675,10.235
1381,0.8250000000000001,0.7000000000000001,11.5
1382,0.8250000000000001,0.7250000000000001,10.83
1383,0.8250000000000001,0.75,10.1375
1384,0.8250000000000001,0.775,11.09
1385,0.8250000000000001,0.8,10.135
1386,0.8250000000000001,0.8250000000000001,10.9425
1387,0.8250000000000001,0.8500000000000001,10.7525
1388,0.8250000000000001,0.875,9.7425
1389,0.8250000000000001,0.9,11.1425
1390,0.8250000000000001,0.925,9.4325
1391,0.8250000000000001,0.9500000000000001,11.1125
1392,0.8250000000000001,0.9750000000000001,10.2325
1393,0.8250000000000001,1.0,11.01
1394,0.8500000000000001,0.0,15.735
1395,0.8500000000000001,0.025,15.9075
1396,0.8500000000000001,0.05,14.26
1397,0.8500000000000001,0.07500000000000001,14.9575
1398,0.8500000000000001,0.1,14.6025
1399,0.8500000000000001,0.125,16.55
1400,0.8500000000000001,0.15000000000000002,14.6225
1401,0.8500000000000001,0.17500000000000002,14.715
1402,0.8500000000000001,0.2,12.73
1403,0.8500000000000001,0.225,14.36
1404,0.8500000000000001,0.25,13.9375
1405,0.8500000000000001,0.275,13.28
1406,0.8500000000000001,0.30000000000000004,13.8725
1407,0.8500000000000001,0.325,13.4775
1408,0.8500000000000001,0.35000000000000003,13.67
1409,0.8500000000000001,0.375,14.0425
1410,0.8500000000000001,0.4,12.1975
1411,0.8500000000000001,0.42500000000000004,11.605
1412,0.8500000000000001,0.45,12.4175
1413,0.8500000000000001,0.47500000000000003,11.9825
1414,0.8500000000000001,0.5,11.7875
1415,0.8500000000000001,0.525,11.475
1416,0.8500000000000001,0.55,11.81
1417,0.8500000000000001,0.5750000000000001,10.6675
1418,0.8500000000000001,0.6000000000000001,10.4375
1419,0.8500000000000001,0.625,10.6575
1420,0.8500000000000001,0.65,10.4675
1421,0.8500000000000001,0.675,11.06
1422,0.8500000000000001,0.7000000000000001,10.2275
1423,0.8500000000000001,0.7250000000000001,10.0625
1424,0.8500000000000001,0.75,11.28
1425,0.8500000000000001,0.775,9.8025
1426,0.8500000000000001,0.8,10.1625
1427,0.8500000000000001,0.8250000000000001,10.0075
1428,0.8500000000000001,0.8500000000000001,10.1225
1429,0.8500000000000001,0.875,10.4225
1430,0.8500000000000001,0.9,10.2275
1431,0.8500000000000001,0.925,10.7575
1432,0.8500000000000001,0.9500000000000001,12.1025
1433,0.8500000000000001,0.9750000000000001,10.34
1434,0.8500000000000001,1.0,10.4075
1435,0.875,0.0,14.9825
1436,0.875,0.025,14.765
1437,0.875,0.05,15.61
1438,0.875,0.07500000000000001,14.9125
1439,0.875,0.1,14.26
1440,0.875,0.125,15.4475
1441,0.875,0.15000000000000002,13.285
1442,0.875,0.17500000000000002,14.6675
1443,0.875,0.2,13.965
1444,0.875,0.225,14.5425
1445,0.875,0.25,14.3875
1446,0.875,0.275,14.4175
1447,0.875,0.30000000000000004,12.9825
1448,0.875,0.325,13.94
1449,0.875,0.35000000000000003,13.47
1450,0.875,0.375,12.3775
1451,0.875,0.4,12.88
1452,0.875,0.42500000000000004,12.75
1453,0.875,0.45,12.085
1454,0.875,0.47500000000000003,12.095
1455,0.875,0.5,11.2375
1456,0.875,0.525,11.7375
1457,0.875,0.55,11.82
1458,0.875,0.5750000000000001,11.115
1459,0.875,0.6000000000000001,11.4825
1460,0.875,0.625,11.0075
1461,0.875,0.65,11.24
1462,0.875,0.675,10.885
1463,0.875,0.7000000000000001,11.455
1464,0.875,0.7250000000000001,10.05
1465,0.875,0.75,10.585
1466,0.875,0.775,10.9525
1467,0.875,0.8,11.4975
1468,0.875,0.8250000000000001,10.5625
1469,0.875,0.8500000000000001,10.44
1470,0.875,0.875,11.14
1471,0.875,0.9,10.96
1472,0.875,0.925,11.315
1473,0.875,0.9500000000000001,9.8875
1474,0.875,0.9750000000000001,9.4175
1475,0.875,1.0,9.865
1476,0.9,0.0,14.91
1477,0.9,0.025,14.175
1478,0.9,0.05,16.535
1479,0.9,0.07500000000000001,15.995
1480,0.9,0.1,14.5475
1481,0.9,0.125,14.3025
1482,0.9,0.15000000000000002,14.3925
1483,0.9,0.17500000000000002,14.2125
1484,0.9,0.2,12.6725
1485,0.9,0.225,12.52
1486,0.9,0.25,13.2325
1487,0.9,0.275,13.81
1488,0.9,0.30000000000000004,12.475
1489,0.9,0.325,12.3625
1490,0.9,0.35000000000000003,11.55
1491,0.9,0.375,11.4875
1492,0.9,0.4,12.4375
1493,0.9,0.42500000000000004,12.0375
1494,0.9,0.45,12.3625
1495,0.9,0.47500000000000003,11.4025
1496,0.9,0.5,11.1825
1497,0.9,0.525,10.615
1498,0.9,0.55,12.3275
1499,0.9,0.5750000000000001,10.9075
1500,0.9,0.6000000000000001,11.2675
1501,0.9,0.625,11.115
1502,0.9,0.65,10.7475
1503,0.9,0.675,10.565
1504,0.9,0.7000000000000001,10.6975
1505,0.9,0.7250000000000001,10.3625
1506,0.9,0.75,10.4625
1507,0.9,0.775,9.775
1508,0.9,0.8,10.185
1509,0.9,0.8250000000000001,10.27
1510,0.9,0.8500000000000001,10.22
1511,0.9,0.875,10.715
1512,0.9,0.9,9.97
1513,0.9,0.925,10.8375
1514,0.9,0.9500000000000001,9.4475
1515,0.9,0.9750000000000001,10.285
1516,0.9,1.0,9.8675
1517,0.925,0.0,14.3125
1518,0.925,0.025,13.6325
1519,0.925,0.05,13.6
1520,0.925,0.07500000000000001,15.34
1521,0.925,0.1,13.8575
1522,0.925,0.125,13.78
1523,0.925,0.15000000000000002,13.215
1524,0.925,0.17500000000000002,12.6125
1525,0.925,0.2,14.5575
1526,0.925,0.225,12.9475
1527,0.925,0.25,12.98
1528,0.925,0.275,12.6525
1529,0.925,0.30000000000000004,12.73
1530,0.925,0.325,12.25
1531,0.925,0.35000000000000003,11.7375
1532,0.925,0.375,12.8275
1533,0.925,0.4,11.0075
1534,0.925,0.42500000000000004,12.565
1535,0.925,0.45,11.065
1536,0.925,0.47500000000000003,12.1425
1537,0.925,0.5,10.085
1538,0.925,0.525,11.0525
1539,0.925,0.55,10.8025
1540,0.925,0.5750000000000001,10.8575
1541,0.925,0.6000000000000001,11.29
1542,0.925,0.625,10.9125
1543,0.925,0.65,10.59
1544,0.925,0.675,11.2475
1545,0.925,0.7000000000000001,11.2075
1546,0.925,0.7250000000000001,10.655
1547,0.925,0.75,10.39
1548,0.925,0.775,10.455
1549,0.925,0.8,9.945
1550,0.925,0.8250000000000001,10.03
1551,0.925,0.8500000000000001,10.4675
1552,0.925,0.875,9.705
1553,0.925,0.9,10.2
1554,0.925,0.925,9.4225
1555,0.925,0.9500000000000001,10.355
1556,0.925,0.9750000000000001,10.615
1557,0.925,1.0,10.02
1558,0.9500000000000001,0.0,11.86
1559,0.9500000000000001,0.025,13.365
1560,0.9500000000000001,0.05,14.04
1561,0.9500000000000001,0.07500000000000001,14.155
1562,0.9500000000000001,0.1,13.9075
1563,0.9500000000000001,0.125,13.1775
1564,0.9500000000000001,0.15000000000000002,12.52
1565,0.9500000000000001,0.17500000000000002,14.4375
1566,0.9500000000000001,0.2,12.0925
1567,0.9500000000000001,0.225,12.375
1568,0.9500000000000001,0.25,12.7775
1569,0.9500000000000001,0.275,14.2175
1570,0.9500000000000001,0.30000000000000004,13.52
1571,0.9500000000000001,0.325,12.3
1572,0.9500000000000001,0.35000000000000003,11.2175
1573,0.9500000000000001,0.375,12.7825
1574,0.9500000000000001,0.4,11.4675
1575,0.9500000000000001,0.42500000000000004,12.6975
1576,0.9500000000000001,0.45,12.1175
1577,0.9500000000000001,0.47500000000000003,11.6
1578,0.9500000000000001,0.5,10.8325
1579,0.9500000000000001,0.525,10.9175
1580,0.9500000000000001,0.55,11.2325
1581,0.9500000000000001,0.5750000000000001,11.675
1582,0.9500000000000001,0.6000000000000001,12.1325
1583,0.9500000000000001,0.625,10.775
1584,0.9500000000000001,0.65,10.5575
1585,0.9500000000000001,0.675,10.4775
1586,0.9500000000000001,0.7000000000000001,10.155
1587,0.9500000000000001,0.7250000000000001,10.5925
1588,0.9500000000000001,0.75,10.505
1589,0.9500000000000001,0.775,10.72
1590,0.9500000000000001,0.8,10.135
1591,0.9500000000000001,0.8250000000000001,9.6775
1592,0.9500000000000001,0.8500000000000001,10.8125
1593,0.9500000000000001,0.875,10.575
1594,0.9500000000000001,0.9,10.99
1595,0.9500000000000001,0.925,9.1075
1596,0.9500000000000001,0.9500000000000001,9.425
1597,0.9500000000000001,0.9750000000000001,11.55
1598,0.9500000000000001,1.0,10.015
1599,0.9750000000000001,0.0,12.6925
1600,0.9750000000000001,0.025,13.685
1601,0.9750000000000001,0.05,12.8275
1602,0.9750000000000001,0.07500000000000001,13.1525
1603,0.9750000000000001,0.1,11.89
1604,0.9750000000000001,0.125,12.7875
1605,0.9750000000000001,0.15000000000000002,13.29
1606,0.9750000000000001,0.17500000000000002,13.165
1607,0.9750000000000001,0.2,12.8575
1608,0.9750000000000001,0.225,12.5075
1609,0.9750000000000001,0.25,11.88
1610,0.9750000000000001,0.275,12.695
1611,0.9750000000000001,0.30000000000000004,11.585
1612,0.9750000000000001,0.325,11.385
1613,0.9750000000000001,0.35000000000000003,12.2325
1614,0.9750000000000001,0.375,11.94
1615,0.9750000000000001,0.4,11.4325
1616,0.9750000000000001,0.42500000000000004,10.4625
1617,0.9750000000000001,0.45,11.07
1618,0.9750000000000001,0.47500000000000003,11.405
1619,0.9750000000000001,0.5,11.155
1620,0.9750000000000001,0.525,10.9075
1621,0.9750000000000001,0.55,10.25
1622,0.9750000000000001,0.5750000000000001,10.9775
1623,0.9750000000000001,0.6000000000000001,11.705
1624,0.9750000000000001,0.625,9.7225
1625,0.9750000000000001,0.65,10.3525
1626,0.9750000000000001,0.675,11.5475
1627,0.9750000000000001,0.7000000000000001,11.575
1628,0.9750000000000001,0.7250000000000001,9.755
1629,0.9750000000000001,0.75,10.47
1630,0.9750000000000001,0.775,9.385
1631,0.9750000000000001,0.8,10.3525
1632,0.9750000000000001,0.8250000000000001,10.7175
1633,0.9750000000000001,0.8500000000000001,10.2575
1634,0.9750000000000001,0.875,10.78
1635,0.9750000000000001,0.9,10.3425
1636,0.9750000000000001,0.925,10.4
1637,0.9750000000000001,0.9500000000000001,10.4475
1638,0.9750000000000001,0.9750000000000001,10.4325
1639,0.9750000000000001,1.0,10.39
1640,1.0,0.0,12.6725
1641,1.0,0.025,12.6075
1642,1.0,0.05,13.3275
1643,1.0,0.07500000000000001,13.08
1644,1.0,0.1,14.0425
1645,1.0,0.125,12.81
1646,1.0,0.15000000000000002,12.77
1647,1.0,0.17500000000000002,13.56
1648,1.0,0.2,13.8775
1649,1.0,0.225,11.5775
1650,1.0,0.25,10.7
1651,1.0,0.275,11.8925
1652,1.0,0.30000000000000004,12.5175
1653,1.0,0.325,12.2575
1654,1.0,0.35000000000000003,11.655
1655,1.0,0.375,11.7425
1656,1.0,0.4,11.6125
1657,1.0,0.42500000000000004,11.59
1658,1.0,0.45,11.8625
1659,1.0,0.47500000000000003,11.2175
1660,1.0,0.5,11.755
1661,1.0,0.525,11.2975
1662,1.0,0.55,11.45
1663,1.0,0.5750000000000001,10.76
1664,1.0,0.6000000000000001,10.8725
1665,1.0,0.625,10.485
1666,1.0,0.65,8.905
1667,1.0,0.675,10.705
1668,1.0,0.7000000000000001,11.2075
1669,1.0,0.7250000000000001,10.0725
1670,1.0,0.75,9.91
1671,1.0,0.775,10.8975
1672,1.0,0.8,10.2725
1673,1.0,0.8250000000000001,9.4525
1674,1.0,0.8500000000000001,11.0
1675,1.0,0.875,9.8025
1676,1.0,0.9,10.28
1677,1.0,0.925,9.7
1678,1.0,0.9500000000000001,10.445
1679,1.0,0.9750000000000001,10.8375
1680,1.0,1.0,11.0725
