,Mesh,Test Number,0.0,0.05,0.1,0.15000000000000002,0.2,0.25,0.30000000000000004,0.35000000000000003,0.4,0.45,0.5,0.55,0.6000000000000001,0.65,0.7000000000000001,0.75,0.8,0.8500000000000001,0.9,0.9500000000000001,1.0,1.05,1.1,1.1500000000000001,1.2000000000000002,1.25,1.3,1.35,1.4000000000000001,1.4500000000000002,1.5,1.55,1.6,1.6500000000000001,1.7000000000000002,1.75,1.8,1.85,1.9000000000000001,1.9500000000000002,2.0,2.0500000000000003,2.1,2.15,2.2,2.25,2.3000000000000003,2.35,2.4000000000000004,2.45,2.5
0,Diamond,1,65.25,63.0525,61.9825,61.185,59.3375,57.4,55.7925,53.985,52.475,49.3675,48.13,44.9975,44.2475,42.8775,40.2875,39.035,38.5675,37.0675,36.09,34.9175,33.445,33.38,32.365,31.6775,31.58,30.375,29.285,29.375,28.34,28.075,27.1925,27.4375,26.77,26.0375,25.9675,25.085,25.245,25.5125,25.05,24.3375,23.4025,24.225,23.575,23.335,22.815,22.61,22.7475,22.2175,22.475,21.555,21.07
1,Diamond,2,63.375,63.135,62.735,62.04,60.69,59.5525,57.015,54.6675,52.66,49.76,48.0925,46.185,44.5075,41.28,39.6825,37.4575,36.195,34.1575,32.8075,31.67,29.78,28.3375,27.3,26.0125,25.9175,25.9275,23.4525,24.525,23.0175,22.3525,22.57,22.785,21.505,22.01,20.99,21.06,20.6025,20.895,20.83,20.715,20.525,19.82,19.7925,20.035,18.94,19.95,19.1075,19.395,18.7675,19.2325,19.14
2,Diamond,3,67.25,66.5025,65.3925,64.405,62.895,61.445,59.7,57.4125,55.2375,53.46,50.6,49.3075,46.8375,44.4925,42.69,41.8025,39.405,38.1625,37.4575,35.39,34.9475,33.9975,33.155,31.38,30.8,30.535,30.02,29.44,28.29,27.29,27.48,27.4025,26.555,25.7575,25.9075,24.93,24.9975,25.3475,24.8775,24.5425,23.925,23.745,23.63,23.385,23.45,23.535,22.6875,21.625,22.1625,21.905,21.4125
3,Diamond,4,63.87500000000001,62.8575,62.6325,61.985,60.755,59.08,57.4275,55.6525,53.165,51.5875,49.1125,46.78,44.7625,43.0525,40.2375,38.9975,37.45,36.43,35.305,34.1,33.8725,32.7925,31.3575,31.12,29.8825,28.835,28.965,27.2,26.965,26.2975,25.68,25.2125,25.1975,23.485,23.5275,23.155,23.125,21.91,22.2275,21.76,21.3825,21.3275,20.6675,20.105,20.365,19.27,20.45,19.53,19.115,19.135,17.975
4,Diamond,5,61.375,60.325,59.555,58.85,57.4325,55.685,53.855,51.6425,49.7775,48.4125,46.2075,44.2325,42.3275,39.4375,37.4325,35.6125,34.4775,32.2625,31.305,28.18,29.5025,26.785,25.1925,25.1575,23.4925,23.5375,23.105,21.605,21.3375,20.615,20.5225,18.3075,18.835,18.4975,17.66,17.35,17.425,17.115,16.725,15.7975,15.985,15.47,15.4025,14.815,14.725,14.93,13.7475,14.2325,14.305,13.865,13.7725
5,Diamond,6,63.87500000000001,63.325,62.23,60.8825,59.42,57.5025,55.5825,54.005,52.385,50.75,48.1375,46.11,44.7325,43.9075,42.12,39.63,39.3675,36.7125,36.09,34.405,33.615,31.1875,30.98,29.2825,28.69,28.655,27.9625,26.8475,25.075,25.4125,24.62,23.5025,23.3975,22.9425,22.87,22.07,21.84,20.975,21.2125,20.4125,19.8025,19.63,19.745,20.445,19.3025,18.9875,18.835,18.175,18.4875,17.7875,18.24
6,Diamond,7,58.75,58.625,58.3175,57.19,55.4975,54.0675,52.4925,50.59,49.2075,46.6925,46.29,43.9525,42.46,41.0725,39.6775,37.0325,35.4475,33.6375,32.9775,32.29,30.3175,29.27,27.5225,27.1475,27.0475,26.4275,24.9575,23.6775,23.825,23.9875,23.3275,22.33,21.475,21.095,21.05,20.285,20.175,20.24,19.9025,19.4625,19.3325,18.8825,18.4625,17.485,17.7275,18.2675,17.48,17.3875,17.4625,16.9025,16.525
7,Diamond,8,63.625,62.5925,61.755,60.5675,59.2325,58.2475,57.17,56.0975,55.1925,54.2375,52.4325,51.0625,49.595,48.2475,46.265,45.455,44.445,42.205,42.0525,39.675,39.9325,37.86,37.6075,35.14,34.365,33.2,33.0575,31.8025,30.795,30.2225,29.21,28.5525,28.0125,27.37,26.8025,25.7,25.58,25.0675,24.565,23.6375,23.3125,22.3975,22.1025,21.7175,21.5725,21.485,20.9475,20.99,20.9175,19.6075,19.925
8,Diamond,9,60.0,59.0075,57.7825,57.015,56.3175,54.6575,53.2725,50.76,49.21,47.7825,46.1325,43.995,42.7675,40.4525,39.31,37.86,37.3975,34.895,32.99,31.4475,31.985,31.225,29.4625,28.0475,27.525,27.4875,25.7725,25.56,24.515,24.35,23.645,24.1725,22.4525,22.3825,21.74,21.0575,21.4575,20.3375,19.9475,18.705,19.0975,19.0875,18.91,18.2975,17.905,17.765,17.5525,17.4675,17.445,17.4075,16.39
9,Diamond,10,62.25000000000001,61.1425,60.17,58.8575,57.7525,56.7425,55.08,53.2025,51.15,49.065,46.77,44.3625,43.855,41.525,39.35,37.5775,36.275,35.0025,33.23,31.895,30.9025,29.335,28.855,28.3175,26.0475,26.1475,25.415,24.1625,22.7425,23.5825,22.68,21.8975,20.8375,21.15,20.425,20.1025,19.1,18.62,18.84,18.7825,17.745,18.165,17.82,17.4025,17.44,17.0525,16.345,16.39,16.2125,16.4425,15.8475
10,Diamond,11,63.625,62.735,62.425,61.2575,60.15,58.8325,57.5675,55.865,53.745,51.4775,49.8775,48.5825,44.235,43.175,40.9025,40.08,37.18,34.9475,34.575,32.2075,30.8625,30.005,27.795,26.24,26.1075,25.46,24.14,23.025,23.09,21.9875,20.525,20.535,19.5325,20.01,19.6125,18.73,18.94,17.7975,17.055,17.44,17.085,16.8,16.2525,16.39,16.085,15.9275,15.565,14.9925,15.3075,15.1825,14.5125
11,Diamond,12,58.875,58.15,56.6775,55.04,53.12,50.4525,48.3675,45.585,43.62,40.975,38.2425,36.09,35.055,31.6825,30.1475,29.04,28.4975,26.955,24.8175,24.6325,24.0775,22.7225,22.22,21.4425,20.4875,19.65,19.7525,19.1575,18.55,18.25,17.77,17.4,17.265,16.7475,16.5075,16.22,15.765,15.44,15.2325,14.8925,15.08,14.72,14.9125,14.2775,14.315,13.8525,13.835,13.8,13.56,13.565,13.4475
12,Diamond,13,62.125,61.21,60.79,59.6125,58.4925,57.0775,55.6375,53.7875,50.9525,50.505,48.66,45.8375,44.7,42.5875,41.4325,39.1425,38.275,38.135,35.99,34.89,33.4725,32.465,31.69,30.0175,29.735,28.885,27.925,26.4625,26.6075,25.3425,24.7625,24.52,22.955,22.845,23.19,22.3575,21.86,21.675,20.545,19.65,19.8075,19.39,19.66,19.1975,18.4525,17.605,17.97,17.5875,17.045,16.7625,17.6675
13,Diamond,14,56.75,54.715,53.315,52.0525,50.6025,48.625,46.89,44.45,42.0875,40.69,37.785,35.2725,33.3775,31.955,30.5075,28.38,26.945,26.0425,24.5,23.05,22.575,21.3675,21.2125,20.5825,19.9275,18.83,18.185,17.0325,17.615,16.5225,16.6025,15.8975,15.48,14.48,14.9325,14.6275,13.52,13.695,13.14,12.8425,12.34,13.0625,13.2075,12.6475,12.155,11.87,11.58,11.8975,11.6525,11.2325,10.9875
14,Diamond,15,63.74999999999999,63.345,62.155,60.9825,59.06,56.6875,54.615,51.7775,49.47,46.85,43.665,42.4775,40.685,38.395,38.015,35.51,33.6225,33.03,31.5975,30.93,30.125,28.8675,27.8375,27.91,27.3175,26.835,26.435,25.1,24.7575,24.0675,23.57,22.7775,22.625,21.7575,21.0975,21.2475,21.81,20.365,20.405,20.1275,19.055,19.3025,18.96,18.36,17.8825,17.6575,17.455,16.9925,17.64,16.595,16.565
15,Diamond,16,59.25,58.7575,58.2325,57.4025,56.7825,55.29,54.5025,52.9625,51.1775,49.49,47.3125,46.1,43.94,41.66,40.57,38.42,36.1275,36.4575,32.5925,33.0825,31.6625,29.275,28.0775,27.5975,25.705,25.93,24.4425,23.525,22.75,22.345,22.4075,20.58,20.62,19.765,19.785,18.835,18.465,18.6125,17.625,17.525,17.3375,16.6925,16.6425,16.53,16.11,15.89,15.7975,15.205,15.28,14.835,14.88
16,Diamond,17,62.25000000000001,61.935,61.1575,60.625,59.535,58.6,57.54,56.4825,54.69,53.8775,52.37,51.55,49.6825,46.965,46.27,43.7225,42.825,41.5175,39.735,37.8425,37.7725,35.7925,34.4125,31.84,31.9125,29.3825,28.545,28.65,28.385,26.0975,25.57,24.77,23.9425,24.5075,22.2325,21.97,21.4825,20.39,20.3925,20.0775,20.1575,19.3475,18.11,18.9,18.175,17.7125,17.405,17.095,17.1525,16.4825,16.8
17,Diamond,18,65.875,65.625,64.5875,62.895,61.4325,60.0025,57.615,55.595,53.1425,50.53,48.92,46.2375,43.335,42.9725,40.005,37.9,35.6425,34.6725,33.4725,31.2425,31.28,29.625,27.61,27.1525,27.5475,25.4275,25.335,24.4725,23.1325,23.0875,22.6325,22.49,22.1375,20.595,19.9675,19.255,18.585,18.6225,17.8425,17.4725,17.72,17.1325,16.085,16.585,15.8225,15.4825,15.3425,14.885,14.6875,15.1575,14.975
18,Diamond,19,62.875,62.4475,62.1275,61.85,61.005,60.0725,58.64,57.0975,54.74,52.535,50.9475,49.595,47.755,46.4475,45.0,42.1925,42.08,41.64,38.8975,37.175,37.55,35.8075,34.9325,34.415,33.37,32.125,32.3775,31.3775,30.385,29.84,29.815,29.25,28.99,28.005,27.59,27.3975,26.6775,26.88,26.4375,26.3025,25.2325,24.495,23.9,24.535,23.4225,23.295,23.1725,22.4675,23.29,21.8075,22.2875
19,Diamond,20,61.25000000000001,61.5075,60.41,59.68,58.0275,56.6275,54.54,52.2025,50.4525,47.1225,44.8175,43.1825,40.2375,38.005,37.5925,35.505,34.93,32.175,31.505,31.3725,30.105,29.295,27.7425,26.9675,26.825,25.7325,25.065,24.3875,24.585,23.655,23.575,23.1725,22.8325,22.365,21.6925,21.9525,20.4425,21.315,20.9825,20.1175,20.0,19.9425,19.925,19.6475,19.175,19.34,18.6,18.99,18.6575,18.315,18.555
20,Diamond,21,63.625,62.7025,62.3375,61.5275,60.0375,58.7075,57.1125,55.5975,54.22,53.2325,51.275,49.585,47.305,47.1525,45.78,43.7525,42.3375,39.54,38.15,37.3225,36.085,35.5175,34.0125,31.8475,30.505,29.9325,28.7225,29.27,27.735,27.03,25.7775,25.065,24.7275,24.385,23.7525,22.8875,22.485,22.265,21.5575,21.205,20.7525,21.11,20.8825,20.49,20.4875,19.6375,19.695,19.62,19.535,19.075,18.85
21,Diamond,22,63.125,63.34,62.73,61.435,60.1725,57.77,56.15,53.6175,51.16,48.9525,46.105,44.8775,41.925,40.2275,38.7325,37.04,35.71,33.7075,32.8175,32.28,31.2075,29.6575,29.61,28.3975,26.945,26.4475,25.56,24.4325,24.57,24.7475,22.9475,22.605,22.7725,21.9125,21.425,20.945,20.7025,19.6925,19.6625,19.3375,19.8,19.12,18.6675,19.0225,18.38,17.8175,17.265,17.185,17.6,17.015,16.87
22,Diamond,23,62.5,61.815,60.73,59.6625,58.525,57.8125,56.5425,54.6375,52.92,50.75,48.22,48.0325,44.0875,43.48,40.3675,39.115,37.87,37.09,35.75,34.305,32.99,32.935,31.73,30.42,29.7625,29.68,29.6875,29.2675,28.0375,27.0275,26.8025,26.865,26.15,25.605,25.2625,24.605,25.475,24.1875,23.6625,23.3275,23.445,23.3425,21.5225,22.805,21.555,21.4675,21.2,20.51,20.1125,20.8525,21.1375
23,Diamond,24,59.875,59.0975,58.7875,58.1,56.6,55.1275,52.7775,50.8075,47.795,46.7775,44.11,42.14,38.8075,36.405,36.0675,34.0375,31.245,30.55,28.6325,27.645,25.785,26.0425,24.3125,23.7375,22.08,22.4325,21.7175,20.8275,20.45,19.8625,18.635,18.2525,19.005,18.1925,18.0875,17.4625,17.735,17.3025,17.24,17.085,16.8325,16.4425,16.0775,16.61,16.45,16.0175,15.8225,15.7675,16.0675,15.885,15.2175
24,Diamond,25,62.5,61.4925,60.7175,60.01,59.2825,57.605,56.1225,54.495,52.5525,49.875,48.3425,46.615,45.3075,43.695,40.95,38.9625,36.04,36.1975,34.16,33.665,32.2825,30.9725,29.7525,28.805,28.865,27.6175,26.685,26.8425,25.405,25.5,24.935,23.7075,23.6725,22.7,22.2025,22.8575,22.0225,21.89,21.91,20.6425,21.205,21.5525,20.1,19.6075,19.715,19.5425,19.5075,19.205,19.3125,18.49,18.62
25,Diamond,26,60.875,61.2075,59.7775,58.555,57.4,56.16,54.615,52.97,51.17,48.49,45.5825,43.5275,41.84,40.285,37.145,35.545,34.195,33.8,32.4875,30.645,29.245,28.9575,27.935,26.635,26.4725,25.7825,24.3225,24.0975,23.445,21.9375,21.3725,21.8125,21.39,20.5725,20.705,19.4175,19.035,19.6025,18.875,18.195,18.1075,18.06,17.6875,17.3375,17.2525,16.58,16.5775,16.5025,16.015,16.1575,16.44
26,Diamond,27,57.49999999999999,55.615,54.93,53.43,51.7925,50.365,48.095,46.69,44.6775,41.795,41.0675,38.0525,36.4725,33.595,32.1,30.9225,29.2325,28.3075,26.0425,25.8975,23.79,23.9875,22.2125,21.955,21.6125,20.535,20.075,18.9175,18.5875,17.9875,16.8175,17.2375,16.65,16.065,15.5425,15.3775,15.7775,15.3525,15.0125,14.755,14.4,14.3225,13.5475,14.0725,13.8075,13.6175,13.0675,13.6575,13.285,13.1725,12.875
27,Diamond,28,63.125,62.395,61.915,61.51,60.69,59.33,58.0325,56.675,55.805,54.1975,51.3425,48.04,47.86,46.3725,43.17,41.4075,39.95,39.48,35.535,34.4625,32.8025,31.695,29.64,30.4475,29.3025,27.6675,26.9725,26.0825,24.77,24.335,23.555,22.225,22.5125,22.0025,21.9425,20.6525,20.89,20.7775,19.755,19.8525,18.8075,19.2225,19.245,18.7125,18.0375,18.2725,17.8475,17.8275,17.185,17.585,17.2125
28,Diamond,29,60.875,59.78,59.01,58.43,57.64,56.55,55.2575,53.15,51.68,49.7275,48.5675,46.0975,45.085,43.5525,42.465,40.5325,40.5575,39.2675,37.9075,35.875,36.1,34.7475,33.68,32.41,32.0275,30.875,30.415,29.745,29.2725,28.135,27.715,27.1725,26.5,26.4125,25.3125,24.295,24.325,24.1375,23.6325,22.985,22.0925,21.5,22.0225,21.0325,21.02,20.42,20.2975,19.42,20.005,19.76,19.51
29,Diamond,30,62.5,62.2125,62.025,61.6575,60.985,60.32,58.9925,58.465,57.2,55.5575,54.3875,52.68,51.18,50.1975,48.26,46.725,44.22,44.66,42.475,41.17,39.6325,38.67,37.09,35.085,34.29,33.5575,31.2975,30.7825,30.425,29.245,29.085,28.5475,26.85,27.0375,26.055,24.735,24.4925,23.75,23.97,22.3025,21.8375,21.825,21.085,20.4325,20.0875,19.885,18.775,19.355,18.53,18.4275,17.8125
30,Diamond,31,61.875,61.3625,60.73,59.5425,58.165,56.1025,54.2575,52.12,50.9275,48.54,46.69,44.165,42.345,40.355,38.6025,37.2025,35.52,33.82,32.935,31.95,30.495,28.655,28.22,26.605,26.5025,25.69,24.175,24.0425,22.81,21.67,20.99,21.265,20.4125,19.7175,19.85,19.155,18.7275,18.6225,17.9675,17.6275,17.4175,17.4725,17.3875,16.48,16.23,15.9175,15.8075,15.65,15.5125,15.0925,15.295
31,Diamond,32,60.5,60.545,59.285,58.3475,57.4275,56.2,55.015,53.9625,53.0875,51.51,50.9325,49.9275,48.45,47.0925,45.2675,44.6875,44.385,41.265,40.7025,39.47,37.1375,37.3,35.9825,34.9025,34.45,32.4425,31.6475,29.2725,28.9025,28.8725,27.4025,26.695,25.8075,25.0575,24.4525,24.4725,22.175,22.9325,21.4675,21.5325,21.32,22.8075,20.625,20.6175,20.1675,19.285,19.0925,18.87,18.4,18.5875,17.825
32,Diamond,33,68.25,67.475,66.58,65.8375,64.6825,63.435,61.3875,59.77,57.28,54.915,52.7675,50.8425,48.8925,46.385,45.3225,42.9475,40.68,39.6125,36.2275,36.1375,35.29,33.845,33.0125,30.5425,30.225,30.4475,27.8925,28.715,27.52,27.375,27.315,26.3125,25.305,24.5425,24.685,24.475,23.635,23.8775,23.0975,23.0675,22.33,22.7075,21.91,21.7675,21.61,21.645,20.9225,20.9025,20.725,20.5125,20.305
33,Diamond,34,63.125,61.7825,61.52,60.96,60.2425,59.295,57.38,55.47,54.14,51.805,48.7725,48.19,45.3075,43.6275,41.8825,40.055,38.12,37.1075,34.9925,34.2025,32.225,31.1175,29.19,28.4075,27.115,26.2425,26.2125,25.005,24.62,23.2775,23.045,23.0375,21.425,21.055,20.775,20.335,20.355,19.945,19.41,19.3075,18.59,18.3875,17.88,17.875,17.345,17.3525,17.38,17.13,16.2525,16.0975,16.39
34,Diamond,35,63.0,62.3075,61.245,59.89,58.3375,56.9175,55.1375,52.745,51.055,49.2125,46.44,44.4625,42.0525,39.615,38.52,38.265,34.665,33.425,32.3425,30.3325,29.3875,29.225,27.0975,26.0825,25.7625,24.7675,24.1625,23.025,23.435,22.1825,21.4575,21.2975,20.3125,20.175,19.515,19.5275,18.245,18.6,17.86,18.08,17.8025,17.7575,16.935,16.9225,16.4075,16.7275,16.1675,16.095,15.4175,16.2575,15.2425
35,Diamond,36,59.5,58.9025,58.1475,56.69,55.4625,53.83,51.5475,50.1225,46.595,45.4925,42.8975,40.9475,38.685,38.0225,35.3225,34.09,31.9275,31.39,30.665,28.8375,27.84,26.635,25.9725,25.425,24.9575,23.7825,22.96,23.5325,21.655,21.085,20.695,20.1175,20.375,19.3425,19.27,19.1125,19.1375,17.9525,17.045,16.87,16.8075,16.56,16.2325,16.3275,15.675,15.5925,15.5925,15.06,15.2125,14.78,14.9125
36,Diamond,37,59.25,58.785,57.49,55.945,53.7125,52.2,49.045,47.24,45.16,42.5675,40.0625,37.995,36.685,34.475,32.785,31.1525,30.3225,29.0325,27.345,26.725,26.015,24.915,24.0275,23.1875,22.9825,21.06,22.0375,20.88,19.9225,19.835,19.1,19.01,18.405,17.575,17.05,17.425,16.6775,16.6,15.94,16.3025,15.8375,15.1125,15.5075,15.1975,15.0075,14.575,14.2775,14.8375,14.405,13.755,14.3775
37,Diamond,38,65.125,63.895,63.8075,62.9025,62.1475,60.385,58.26,57.09,54.6575,54.335,51.7825,48.555,47.05,44.9575,42.86,41.17,40.4575,39.7875,37.8,36.345,34.2775,33.075,32.005,30.2825,30.015,28.5375,28.18,28.025,27.305,26.215,24.9575,24.5375,24.3775,24.0025,23.1325,22.2,21.53,21.6625,21.02,20.6,20.575,19.7775,20.25,20.225,19.47,19.0925,18.87,17.9775,18.5775,18.6775,17.705
38,Diamond,39,63.24999999999999,62.585,62.2125,61.5375,60.57,59.1525,57.5975,55.9125,54.075,51.9575,50.355,48.235,46.1425,43.4525,42.2375,40.1525,38.4075,36.715,35.03,33.3925,31.6575,31.335,29.3875,28.2825,27.345,26.325,25.1125,24.2375,23.6175,23.345,22.3775,21.545,20.9325,20.0175,19.775,19.0725,18.855,18.7525,18.1275,18.835,17.51,17.9075,17.47,16.8425,16.4925,16.3925,16.55,16.465,15.63,15.9625,15.6475
39,Diamond,40,65.75,64.5775,63.5375,62.35,61.06,59.2925,58.1725,56.4325,54.335,53.2725,51.1975,49.1575,48.075,45.73,44.735,41.975,39.9975,38.9375,35.765,35.625,34.065,33.14,31.22,29.6175,28.48,26.625,26.6875,26.2425,24.25,23.175,22.7075,22.3925,20.6775,20.1625,19.8875,19.82,18.7875,18.43,18.1375,18.0375,17.445,17.4525,16.425,15.52,15.6675,15.795,15.0175,15.375,15.2325,14.87,14.44
40,Diamond,41,62.125,61.775,61.5075,60.6825,59.7975,58.9675,58.1025,56.38,54.6625,53.44,51.01,48.3425,47.23,45.96,42.65,41.22,39.105,38.505,36.2375,34.7725,34.4425,31.79,32.1125,30.2925,29.1175,28.645,27.68,27.215,26.495,25.8225,25.995,24.4675,23.28,23.625,22.74,22.29,21.23,21.03,20.6425,20.825,20.23,19.2975,19.2875,18.6075,18.485,18.4025,18.9475,18.045,18.08,17.485,17.1925
41,Diamond,42,63.5,63.9725,63.1775,62.6225,62.0075,61.315,60.0825,58.545,57.1475,55.1775,52.445,51.59,48.69,47.7625,44.68,42.3425,40.53,38.7375,38.28,36.475,34.54,33.1675,32.2725,31.06,30.405,29.2375,28.1675,27.875,27.1,26.9125,25.9175,25.185,24.445,24.48,23.79,23.4675,22.8325,22.3825,22.145,21.5775,22.6575,21.4825,21.7475,21.1375,20.9575,20.66,19.9275,20.005,19.985,19.8325,19.85
42,Diamond,43,63.24999999999999,61.6375,60.985,60.055,59.1575,58.5625,57.425,56.7725,55.4825,54.445,53.275,51.5425,50.735,49.76,48.5,46.3825,45.81,43.6,41.3325,40.335,38.6725,37.98,38.38,34.88,34.25,33.215,32.405,31.0475,30.11,29.5,28.3625,28.4275,29.055,26.495,26.1625,26.045,24.5325,24.8925,25.005,23.38,22.5775,22.6175,21.775,22.19,21.195,20.655,20.5475,20.065,19.47,19.8725,18.965
43,Diamond,44,61.25000000000001,60.2275,59.2725,57.75,56.31,54.085,52.055,48.005,45.37,43.94,40.92,39.085,36.625,35.86,34.055,32.34,30.8425,30.185,29.015,28.1425,26.9525,25.3125,25.435,23.6475,23.375,22.83,23.11,22.4475,21.635,20.5325,20.375,19.755,19.6675,18.7825,18.6625,18.0875,17.88,17.67,17.85,16.5625,16.615,16.305,16.54,15.985,15.565,15.3825,15.5675,15.1775,14.455,14.71,13.7
44,Diamond,45,64.5,63.91,63.5925,62.8375,62.1725,60.89,58.655,56.455,54.0275,52.6525,48.13,46.325,44.965,42.45,39.475,38.4275,38.1375,36.115,34.255,32.65,31.9775,30.36,29.8425,28.6075,28.0775,26.8175,25.8625,26.1,25.025,24.585,23.89,23.8425,23.3625,23.275,21.7075,22.175,22.2375,20.745,20.67,20.0375,20.0075,18.85,19.81,18.765,19.5425,18.8925,19.46,17.7275,18.05,17.3675,17.195
45,Diamond,46,60.875,59.3825,57.6875,56.48,54.9075,53.3125,51.405,49.9,47.775,44.7075,43.8975,42.2675,38.9725,37.9625,35.4875,33.605,32.095,30.265,29.5925,28.1525,26.6925,26.0025,25.2825,24.7475,24.27,23.56,22.375,21.2575,21.6675,21.2025,19.44,19.7,19.055,18.8025,18.2575,18.0925,17.37,16.665,16.7025,16.2,15.64,15.7025,14.89,14.605,14.3275,14.4975,13.875,13.705,13.1525,13.0725,13.525
46,Diamond,47,62.625,62.37,61.565,61.11,60.6225,59.4675,58.2975,56.54,55.245,54.375,51.91,51.9975,48.9025,48.315,46.2875,43.995,44.14,40.99,39.485,39.4775,36.8925,36.68,35.395,34.6175,32.84,31.36,32.705,30.41,30.76,30.145,29.37,28.5675,26.875,26.5325,26.19,25.435,25.1975,24.3825,24.2575,23.84,23.8775,23.47,23.2075,22.915,22.205,22.4875,20.7125,20.825,21.2975,21.5675,20.965
47,Diamond,48,60.375,59.15,58.24,56.985,55.7225,54.81,53.0175,51.8925,50.025,49.04,47.885,46.6175,45.55,43.95,42.1375,41.315,39.885,38.6825,36.8575,35.0025,34.3775,31.8425,31.0625,30.64,29.4975,28.62,26.985,27.1825,26.37,25.255,24.1425,23.165,22.425,22.4525,21.6375,22.1225,21.7425,21.0125,20.31,19.7075,20.0175,19.65,19.245,19.04,18.4225,18.6675,18.3025,17.81,17.685,17.615,17.445
48,Diamond,49,64.0,62.825,62.12,61.37,60.2325,58.675,56.835,54.8525,52.7275,50.3275,48.795,46.6225,44.27,42.22,41.465,38.775,38.31,36.1975,34.295,33.9875,31.955,31.6525,30.43,28.0375,27.5925,27.2325,26.055,24.95,24.755,24.0075,22.82,22.61,21.6675,21.525,20.8475,20.415,19.525,19.525,18.9775,19.13,19.24,18.545,18.6225,18.5175,18.1475,18.2925,17.2525,16.875,17.18,17.1125,16.375
49,Diamond,50,61.75000000000001,60.2725,60.0775,59.41,58.245,56.685,55.48,53.3875,51.6375,48.84,47.9675,45.655,42.9475,42.255,39.6675,36.615,35.88,33.41,31.86,32.3325,29.7375,27.5425,26.3625,25.915,25.06,24.485,23.5275,22.9375,22.285,20.9575,20.9375,20.13,19.53,19.0575,18.525,17.8575,17.39,17.335,16.105,16.45,16.6175,15.685,15.82,15.1775,15.495,15.31,14.6125,14.97,14.1175,13.91,14.135
50,Diamond,51,63.0,62.1775,61.575,60.58,59.055,57.0775,54.7,53.2425,51.3,49.17,46.345,45.0675,43.075,40.8275,39.1275,37.4675,36.085,34.5125,33.27,32.51,30.8775,30.295,29.6075,28.0,28.2425,27.4925,27.1275,26.67,26.1425,25.525,24.775,24.2,24.145,24.3125,24.145,23.1575,22.4425,22.9575,21.7725,21.6,21.985,21.4375,21.0125,21.0725,20.0425,20.7025,19.485,19.6875,19.6225,19.5775,18.96
51,Diamond,52,62.125,61.555,60.715,58.9325,57.2,55.1975,52.8425,50.09,46.825,44.125,42.21,40.335,36.765,35.895,35.51,33.7925,31.315,30.2175,29.1725,28.405,27.455,26.6975,26.09,25.2925,24.5725,24.165,23.265,23.185,22.865,22.49,21.955,21.4775,21.4925,20.885,20.805,20.3175,20.21,19.265,19.7075,19.6,19.06,18.5575,18.45,17.9675,17.7375,17.7975,17.54,17.23,17.0875,16.84,16.9975
52,Diamond,53,65.0,64.255,63.98,62.935,61.715,60.185,58.6425,57.3375,54.8675,51.4625,49.495,47.5075,45.865,43.1025,41.575,38.8775,36.4125,35.6775,34.39,32.285,33.3575,30.4175,29.34,29.5175,28.15,27.5325,26.595,25.88,25.98,25.2175,24.94,23.8075,23.385,23.51,22.9,22.8025,22.165,22.135,21.2225,21.0675,20.6125,20.19,20.3825,19.3075,19.6425,19.55,19.55,19.34,18.8475,18.4675,18.085
53,Diamond,54,65.75,65.06,64.8925,64.505,63.9675,62.895,61.53,60.685,58.7775,56.995,55.5725,53.34,51.8375,49.0625,48.275,45.91,44.625,42.93,41.5925,39.4725,39.39,36.78,35.2775,34.185,33.7375,32.675,32.165,30.2975,30.095,29.3075,27.9725,27.4025,26.595,26.6725,25.2725,25.9,25.9175,25.345,24.0725,24.4775,23.535,23.1975,23.05,22.6175,22.3025,22.04,20.9825,21.13,20.975,20.0675,20.0725
54,Diamond,55,60.375,59.89,59.305,58.9325,58.3425,57.2025,56.4475,55.13,54.1575,51.85,50.7475,49.6275,48.175,47.01,44.87,42.685,39.59,39.6625,38.885,38.1825,36.23,34.39,34.605,32.2725,32.7575,31.27,29.855,28.465,27.6525,27.72,27.505,25.475,26.02,25.1925,23.7475,23.3825,21.795,22.735,22.115,21.9675,21.015,20.2175,19.795,19.7375,18.8225,18.5525,18.5325,18.7675,18.6975,17.665,17.7925
55,Diamond,56,61.5,60.7625,60.3275,59.0,57.1375,55.565,53.8875,51.465,49.2225,46.01,43.8675,43.2275,40.5175,38.5425,37.05,35.8725,33.335,32.19,31.6625,28.84,28.1925,27.7975,27.0475,26.5025,25.805,25.0225,24.295,23.3575,22.485,21.88,21.28,21.125,21.44,20.6475,20.5175,19.65,18.5,18.6625,18.085,18.1425,18.3,17.3025,17.2675,17.29,17.195,17.375,16.67,16.345,16.09,16.48,15.88
56,Diamond,57,63.87500000000001,63.215,62.265,61.215,60.085,58.56,57.1725,55.1575,53.5825,52.815,50.69,48.7025,46.945,45.27,43.0475,40.54,40.1875,39.44,38.325,35.6425,34.0775,33.545,32.3875,31.2825,30.3975,29.6,28.3325,28.3725,27.0475,25.22,26.1475,25.46,24.2975,23.9075,23.07,23.2525,22.6625,21.9925,21.6075,20.9825,21.0425,20.49,19.745,19.605,19.43,19.1,18.5925,18.375,18.3825,17.9025,17.425
57,Diamond,58,64.5,63.31,62.68,61.9275,61.095,59.3825,57.5725,55.9275,54.0425,52.1525,49.36,47.2325,44.4275,43.48,39.9175,38.545,37.3075,35.4325,34.33,31.9675,30.4325,29.93,28.065,26.5475,25.725,25.9475,24.2575,23.7,23.2125,22.9975,22.2725,22.5725,21.79,21.31,21.535,21.7575,21.32,20.62,20.045,20.2025,19.56,19.5875,19.4325,19.105,18.785,18.49,18.525,18.325,18.6175,18.2075,18.1125
58,Diamond,59,66.125,64.725,64.245,63.3825,62.4625,61.245,59.145,57.1675,55.3675,52.1625,47.5975,46.3825,45.6475,43.7475,40.805,40.15,39.3025,36.8875,35.9025,35.035,34.015,33.885,32.91,32.325,31.3725,30.645,29.8275,29.635,29.36,28.6525,28.055,27.265,27.095,26.7625,26.0675,25.4675,25.02,25.2375,25.44,24.4375,23.775,23.54,23.225,23.68,23.19,23.4675,22.7425,22.3525,22.285,21.835,21.33
59,Diamond,60,66.375,65.2175,64.24,63.795,62.88,61.5125,59.9275,58.0175,56.475,54.375,53.175,51.2175,49.7175,47.24,46.0075,44.57,42.655,40.78,39.65,38.5575,37.095,35.1075,34.08,32.0325,31.995,30.0975,30.5125,29.1375,28.0,27.5375,25.8475,26.16,25.7625,24.32,24.625,22.895,23.9125,23.845,22.655,21.7275,21.3075,20.9,20.9775,20.445,20.475,20.285,19.6875,19.08,18.4875,19.3725,18.085
60,Diamond,61,62.125,61.6675,60.925,60.1975,59.7825,58.9325,57.25,56.0125,54.005,52.655,49.04,48.54,45.9,44.65,42.8,40.955,38.645,37.885,37.39,35.435,33.515,32.85,31.5125,30.025,30.4675,29.5375,27.41,26.8625,27.045,25.855,25.3325,24.5875,24.4425,23.7025,23.2775,23.2575,23.35,21.9725,21.5075,21.74,21.34,21.3925,21.0725,20.38,20.1225,20.445,19.9725,19.39,19.53,19.4625,19.4475
61,Diamond,62,64.25,63.36,61.4575,60.29,58.7625,57.4925,56.025,54.31,52.5325,50.915,49.1675,47.0175,44.555,42.48,40.065,38.6025,36.8975,35.695,33.835,32.6675,32.02,31.0825,28.95,28.675,27.8025,27.4075,26.9225,25.02,23.9925,24.34,23.1725,22.7725,22.395,21.56,20.8525,21.3575,20.53,20.44,19.3475,18.785,19.025,18.5675,17.9675,17.36,17.5825,17.715,17.4025,17.1675,16.7525,16.72,16.4275
62,Diamond,63,62.125,59.745,58.575,56.91,54.54,52.5175,50.5175,48.2925,46.1225,43.1225,40.16,38.225,35.5225,33.2225,30.66,29.0125,29.0325,26.46,25.0725,25.17,23.67,22.7675,21.4625,21.47,20.7675,20.0825,20.0425,19.985,18.62,18.855,18.6825,18.275,18.1775,17.89,17.7525,17.3375,16.9525,17.0475,16.4775,16.5175,16.0925,16.4475,16.3925,16.52,15.735,15.7375,15.2325,15.3575,15.63,14.3675,15.5225
63,Diamond,64,60.5,59.19,58.4625,56.9825,54.6525,52.1825,49.87,47.87,46.0375,44.7325,42.3025,41.1975,38.655,36.3475,35.9025,34.2825,32.3575,31.6575,29.465,29.5875,27.81,26.2575,26.2175,24.7375,24.7175,24.1075,23.99,22.97,22.805,22.0625,21.74,21.0125,21.5875,20.5075,20.4075,19.6,19.305,19.59,19.585,18.9225,19.025,18.54,18.4125,18.3375,17.85,17.765,17.5025,17.17,17.12,17.125,17.5775
64,Diamond,65,64.125,63.8475,63.33,62.075,60.8025,58.8975,57.185,55.4675,53.6625,52.315,50.225,48.4075,47.2725,45.355,43.5025,42.1325,40.2975,38.185,37.98,36.4325,34.5525,34.0825,32.165,31.385,30.8075,29.665,28.1475,28.285,27.2825,26.9375,25.595,24.955,24.465,23.5575,23.4725,23.005,22.5675,21.845,22.13,21.68,21.33,20.08,19.66,19.985,19.44,19.345,18.22,18.7925,17.975,17.85,17.68
65,Diamond,66,60.375,59.8025,58.745,57.335,56.2125,55.2275,53.86,52.0225,50.1725,47.4675,45.62,43.7025,42.6675,40.9525,39.24,37.8625,35.8725,35.4375,33.73,33.8575,31.2025,31.055,29.3725,29.005,28.2675,26.6675,27.1775,26.9675,25.9525,25.685,24.7925,24.905,24.5775,24.1525,23.1175,23.2775,23.61,22.8125,22.7925,22.63,22.7075,22.3575,21.555,20.76,21.6475,21.4375,21.1975,20.785,20.5475,20.6325,20.0575
66,Diamond,67,67.375,66.2075,65.5725,65.0775,64.15,62.93,61.5075,59.59,57.35,55.115,53.8925,51.49,48.715,45.9975,44.39,42.675,41.6025,40.165,37.975,36.53,34.465,34.5,33.9625,33.215,33.14,31.8025,31.38,30.8525,29.5975,29.16,29.0325,28.05,28.485,27.4125,27.94,26.4525,26.6975,25.9625,25.015,25.18,24.985,23.815,24.1625,24.105,24.2975,22.985,23.4375,23.35,22.17,22.55,22.06
67,Diamond,68,64.125,63.255,62.635,62.17,60.97,59.4825,58.3,55.845,54.0725,51.115,49.1625,47.5125,45.58,43.0775,40.9,39.735,38.1525,36.2125,34.6675,33.12,32.7475,30.3125,29.9275,28.77,29.1725,27.705,27.315,25.535,25.4625,24.8175,24.7575,23.8875,23.37,23.25,22.73,21.585,21.59,21.3575,21.49,19.9375,19.885,19.4725,19.09,19.2775,18.8925,18.8825,18.4675,18.435,17.3225,18.005,18.0525
68,Diamond,69,60.375,58.525,57.29,55.96,55.34,54.2775,53.1,51.54,51.0425,49.2975,47.185,45.1125,43.33,41.8125,40.24,37.9075,38.5675,35.975,33.66,33.035,32.095,29.845,30.0275,28.3975,27.3525,26.64,25.9975,25.7775,24.7275,24.4925,23.7275,23.17,21.8075,21.95,20.7125,21.2325,19.955,20.2325,20.1725,18.9675,19.55,18.4525,18.8475,18.36,17.6375,17.2975,16.455,16.5125,16.4925,17.095,16.3225
69,Diamond,70,61.75000000000001,61.3525,60.65,59.7525,58.0325,56.6,54.7575,52.985,52.0175,49.2,47.7775,46.635,44.935,41.825,42.285,39.1475,37.9075,37.105,33.8875,34.825,32.9525,31.8475,31.2575,28.995,28.635,27.865,27.555,26.4825,25.63,25.41,22.9,24.2425,23.19,22.8425,22.305,21.86,21.1725,21.01,21.0875,20.4425,20.075,19.8275,19.885,18.69,19.07,19.5575,18.2575,19.12,18.14,17.8975,17.765
70,Diamond,71,61.75000000000001,60.5325,58.825,57.4,56.025,53.83,52.56,50.2,47.5525,45.07,44.205,41.7475,39.5675,38.7075,37.6625,34.9025,34.5975,32.9425,32.15,30.69,30.84,30.0975,28.81,28.74,27.92,27.795,26.97,25.9525,25.5825,25.48,24.1925,23.775,23.6425,22.8225,23.325,22.05,21.7275,21.52,20.79,20.7825,20.465,19.585,19.8225,19.23,19.8675,19.2875,18.9275,19.37,18.65,18.0,18.2575
71,Diamond,72,61.375,60.78,59.8925,58.2275,57.12,55.0075,53.2925,51.84,49.3575,47.88,45.555,44.71,42.435,41.5225,39.8325,38.135,37.445,36.29,34.25,33.1075,32.1125,30.1925,29.115,28.6775,28.21,27.2225,26.1,25.3675,24.7975,24.5625,23.205,23.15,23.0525,21.7075,21.715,21.2775,20.5875,20.635,19.2825,19.975,20.3375,19.3575,19.38,18.9375,18.48,18.5925,17.9475,18.0875,17.5125,17.25,17.4375
72,Diamond,73,62.875,62.0975,61.17,59.9875,58.7125,57.2175,55.095,52.695,49.9175,47.86,45.425,42.9825,40.8075,38.1925,36.3125,36.07,35.075,33.02,32.47,30.8875,29.8825,29.78,29.205,28.3125,27.7775,27.205,27.215,26.535,26.0575,25.1425,25.265,25.03,24.6875,24.315,23.8875,23.9375,23.51,23.6275,23.2075,23.1925,22.6125,22.57,22.0675,21.8275,22.1175,21.645,21.12,21.3025,20.79,20.65,20.5125
73,Diamond,74,62.125,61.2175,60.6875,60.025,59.19,57.5,56.3775,54.45,52.9725,50.745,50.035,47.945,45.7425,44.72,41.925,41.3475,40.735,38.155,36.6425,35.8325,34.4975,33.8225,32.1575,31.0375,30.7375,29.4525,28.6375,27.235,27.5,25.0825,25.56,24.9025,24.915,24.12,23.23,22.4425,21.945,21.31,21.6675,20.4225,19.93,19.7275,19.6025,19.0625,18.4725,18.7275,18.9525,18.515,17.9,17.6975,17.16
74,Diamond,75,61.75000000000001,60.455,59.72,59.145,57.8925,56.3375,54.44,53.135,51.5525,49.315,46.7475,45.7,42.355,41.515,39.135,38.5175,35.7425,33.67,32.75,31.1975,31.3475,28.4975,27.9325,26.4775,26.25,25.56,24.2475,23.015,21.4725,21.87,21.28,20.98,20.61,19.155,19.5375,18.55,18.8475,17.695,17.3225,16.9475,16.59,17.0425,15.925,15.7225,16.04,15.455,15.0425,15.265,15.2425,14.2925,14.3975
75,Diamond,76,63.375,62.29,61.415,60.325,58.1725,56.215,53.43,50.8625,50.245,47.15,45.15,43.2775,41.7,40.0575,37.48,37.44,35.66,34.9275,32.5975,31.925,30.0425,29.64,29.1025,28.31,27.5775,27.9,26.49,25.7575,25.21,25.2325,24.4175,24.465,24.8775,23.32,23.02,23.3275,22.33,22.5975,22.4275,21.58,21.455,20.995,20.5225,20.4525,20.4175,20.165,20.0475,19.46,19.5575,19.2725,18.3575
76,Diamond,77,63.625,63.355,62.155,60.89,59.61,57.1275,55.605,52.8675,50.215,48.6075,46.365,44.6425,41.55,40.1825,37.64,37.82,34.765,33.43,32.725,31.52,29.545,29.11,27.99,27.21,26.1975,26.0,25.72,25.0575,23.9925,23.5975,23.2325,22.3275,22.4175,22.435,21.78,21.21,20.1875,20.075,20.2,19.4775,19.88,19.4025,19.2625,19.3375,18.105,19.0275,18.7475,17.7075,17.925,17.8275,17.695
77,Diamond,78,63.5,62.8975,62.4375,61.31,59.79,58.22,55.8025,54.7525,52.0775,50.44,49.655,47.525,46.175,44.1325,42.6925,40.8625,39.1675,37.765,36.0375,34.06,33.2775,32.6825,31.45,31.0225,29.53,28.6175,28.0325,27.415,26.595,26.2325,25.24,24.6675,24.335,24.0175,23.9025,22.5875,23.0675,22.27,21.725,21.1775,21.825,20.8425,20.75,20.28,20.695,20.4675,19.6,19.765,19.385,19.5225,19.5925
78,Diamond,79,64.875,64.44,63.99,62.93,61.105,59.865,57.8175,55.4375,52.845,51.1725,49.1375,46.67,43.525,41.0275,39.2225,38.8625,36.595,33.9875,32.8625,31.95,30.7675,29.8275,28.8625,27.855,27.1075,26.6375,26.12,25.465,25.0,24.0225,23.545,22.9775,23.3675,22.8375,22.5125,22.225,21.9,21.0325,20.86,20.5225,20.46,20.52,19.4575,20.0875,18.7475,19.2225,18.4425,18.345,18.015,16.9925,17.6225
79,Diamond,80,65.375,65.165,64.22,62.8925,61.2425,59.7925,57.3075,55.59,53.1,50.4075,48.0575,45.5575,43.05,40.2125,39.1475,36.855,35.515,34.925,32.8775,32.5875,30.4925,30.435,29.5825,28.2575,27.12,27.0325,26.205,25.685,25.27,24.7475,24.035,23.2975,23.6525,23.4925,22.51,22.5625,21.7275,22.345,21.57,21.31,20.72,20.2,21.0875,20.205,19.7075,19.97,19.555,19.3475,19.0975,18.83,18.6775
80,Diamond,81,61.875,60.76,59.5275,58.6675,57.7875,56.7875,55.49,53.94,51.9975,49.6125,47.9425,45.47,43.615,41.075,38.625,37.005,35.8875,33.1475,32.675,30.3825,30.1825,28.4,26.835,26.535,24.7425,24.1325,23.42,22.67,22.44,21.4625,21.135,21.1825,20.2425,19.64,19.4075,18.555,18.4425,18.53,18.175,17.215,17.265,16.83,16.605,16.3025,15.7875,16.0075,15.0675,15.6575,15.7275,15.52,14.8475
81,Diamond,82,63.74999999999999,63.405,62.9825,62.215,61.065,59.6775,57.6925,56.4875,53.81,52.9925,50.8975,48.65,47.74,45.415,44.1675,42.16,40.7325,39.15,37.935,37.3125,36.0975,33.3725,32.4575,31.0975,30.445,30.9125,28.7725,28.86,28.155,26.7025,26.2875,25.8925,25.6675,25.0275,24.19,23.98,22.745,22.8875,22.88,22.4275,21.6175,21.4375,21.99,20.71,20.7875,20.46,19.9375,20.3125,19.8925,19.3025,19.5575
82,Diamond,83,62.5,61.36,60.955,60.0825,59.0525,57.6225,55.7475,53.635,50.9175,49.5425,47.1575,45.27,42.95,40.355,38.7425,37.825,36.0425,34.34,32.21,31.4375,29.7725,28.5625,27.54,26.645,25.8725,24.715,24.315,23.6375,23.4125,22.5725,21.76,22.2075,20.1525,20.545,19.295,19.315,20.1225,18.8925,18.6325,17.93,18.1125,18.0375,17.125,17.1675,17.0725,16.995,16.415,16.235,16.1425,15.9,16.1325
83,Diamond,84,62.0,60.765,59.44,57.7175,56.045,54.2825,52.1525,49.4275,46.52,44.7225,42.36,40.1925,36.4875,35.735,34.4125,32.285,31.235,29.8925,28.5125,27.08,26.12,25.195,24.2825,23.8125,22.3525,21.55,20.8575,20.53,20.225,19.4825,19.11,19.0,18.415,18.83,18.2025,18.0275,17.5875,17.2175,16.9725,17.1125,16.9275,16.815,16.715,16.0675,16.1775,15.975,16.075,15.6075,15.485,15.9825,15.325
84,Diamond,85,65.125,64.6175,64.13,63.31,62.2225,60.81,59.73,58.1025,56.525,55.005,52.6875,51.2125,47.945,46.88,46.255,42.645,41.0025,39.965,38.3275,36.6475,34.8525,34.45,31.8075,31.1675,31.055,28.9225,28.5675,27.495,27.19,26.135,25.7875,24.875,24.5,23.9225,23.3325,22.2125,22.375,22.135,20.63,20.82,20.15,19.9875,20.4175,19.6,20.0075,19.185,19.0575,18.8925,18.675,18.6525,18.06
85,Diamond,86,66.0,65.6375,64.9825,63.7575,61.945,59.8225,57.725,55.675,52.575,49.5175,47.8575,45.2175,42.5825,41.015,40.155,37.485,35.4025,34.745,31.7075,31.6925,29.585,29.23,27.635,27.6575,26.14,25.7075,25.37,24.9075,24.5175,24.1375,23.2125,23.1725,22.75,22.6175,23.0425,21.4875,21.48,20.7475,20.5475,20.75,20.585,19.935,19.5875,19.8925,19.775,19.7475,19.74,18.755,18.795,18.7375,18.7
86,Diamond,87,66.25,66.08,65.92,65.0325,63.7275,62.3,60.4125,57.61,55.1975,53.1575,49.585,47.5825,45.2775,42.9375,42.09,40.4025,38.9875,37.5675,35.87,34.5275,34.275,32.3575,32.2575,31.7775,30.76,30.2925,29.07,28.56,28.19,27.6,27.66,26.275,26.5,25.9225,25.1475,25.3,24.585,24.4425,23.3275,23.31,23.395,23.16,21.6675,22.05,21.3075,21.1925,21.0575,20.6675,20.595,20.5175,20.6325
87,Diamond,88,61.875,60.8625,60.145,59.1075,57.985,56.2625,53.9675,52.03,49.725,48.8675,45.8375,43.0025,41.6075,37.9125,37.2075,35.135,34.6575,33.7625,31.905,30.82,30.3,29.0225,28.0725,26.535,26.0225,25.12,24.9425,24.1825,24.385,23.3325,22.5225,22.0575,21.05,21.15,21.04,20.535,20.6525,20.3075,19.725,19.495,18.9075,19.2425,18.62,18.3375,18.1175,18.39,17.83,17.495,17.01,18.1225,17.1
88,Diamond,89,61.75000000000001,60.075,59.5725,58.6925,57.315,55.9175,54.0775,52.2425,49.89,47.985,46.41,43.8575,41.0675,38.9725,37.6775,35.7625,33.805,31.7125,30.1075,29.65,28.3875,27.7175,25.9,24.785,23.9925,23.1525,23.3425,22.185,21.9525,20.975,20.52,21.075,19.9975,19.4925,18.41,18.6225,17.8125,18.1875,17.6225,17.8725,16.8325,17.115,16.395,16.4,16.02,15.13,15.96,15.7325,14.9075,15.585,14.6375
89,Diamond,90,66.625,65.1875,63.6,61.9625,59.085,56.2275,53.3575,49.8125,47.985,43.95,42.9075,41.1325,39.095,37.005,36.4825,35.8925,34.265,33.3575,33.37,31.665,30.71,30.47,29.88,29.4225,28.8175,28.22,28.07,27.49,26.9375,26.79,26.4625,26.0425,25.825,25.76,25.13,24.4125,24.9025,24.0675,23.7375,24.8225,23.9775,24.1575,23.9075,23.9925,23.205,23.055,23.1225,22.7925,22.505,22.27,22.1875
90,Diamond,91,63.5,62.7425,62.1975,60.7575,59.4275,57.93,56.2675,55.1375,53.365,51.0425,48.88,46.235,44.43,42.395,40.235,38.81,37.185,35.365,34.0825,32.0225,30.3375,29.39,28.0975,26.935,26.5025,25.435,25.0025,25.0725,24.61,23.675,23.5125,21.885,22.235,20.4925,20.68,20.9625,20.1175,19.92,19.495,19.475,19.2075,18.335,18.3825,18.2525,17.765,18.3775,17.4375,17.2125,16.315,17.1575,16.8875
91,Diamond,92,62.5,61.955,61.105,60.405,59.23,57.635,55.86,53.495,52.6025,48.7225,48.0075,46.685,44.1825,42.0475,40.295,40.135,37.2975,35.625,34.7,33.46,32.3425,30.7675,29.31,29.0375,27.945,27.055,26.7525,25.7325,25.2075,24.0175,23.16,23.44,22.595,21.0375,21.05,20.3175,19.87,19.125,18.5025,17.4375,17.985,17.2275,16.4175,16.735,16.245,15.945,15.8425,15.4325,15.8675,15.1725,14.1925
92,Diamond,93,65.625,64.955,63.7525,62.76,61.5,60.1025,57.9575,55.8625,53.7225,51.6,49.35,47.245,46.29,44.57,42.87,40.4875,38.525,37.9275,36.26,35.0225,34.3425,32.8375,32.22,30.8875,30.195,29.7275,29.1475,28.87,28.2625,27.78,26.7775,26.71,26.615,25.9825,25.8275,25.3525,25.26,24.975,24.2,23.555,24.25,23.05,23.335,23.3475,22.97,22.565,22.1275,22.42,22.0375,21.78,21.7
93,Diamond,94,57.75,57.0,56.6325,55.765,53.82,52.2275,49.5275,47.385,45.385,42.4075,39.68,37.6375,34.9375,33.5375,30.555,30.3725,28.8,27.2475,25.83,25.1675,24.04,23.4675,23.0,22.47,22.405,21.6775,21.4,20.59,19.8925,19.8225,19.57,19.2425,19.1125,18.305,18.29,18.22,17.405,17.4475,17.6325,16.975,17.0575,16.51,16.535,15.9825,16.24,15.9175,15.585,15.6,15.9375,15.355,14.805
94,Diamond,95,58.5,57.97,57.155,56.1325,54.815,53.0275,50.2225,48.1675,45.165,42.0225,39.455,37.675,35.375,34.065,31.8675,29.575,28.305,26.5775,26.0875,24.0075,23.385,22.1625,21.35,19.735,18.775,18.89,18.66,17.0575,17.18,17.16,15.975,15.4125,15.5875,14.975,15.07,14.1775,14.2625,13.695,13.6925,13.5425,13.345,12.645,12.7275,12.595,12.875,12.2,12.6975,12.0875,12.17,11.9875,11.58
95,Diamond,96,67.125,66.6375,65.91,65.1,64.415,63.14,61.4225,59.965,58.3025,56.025,52.7275,51.905,47.77,46.6175,43.335,42.325,39.93,36.9,35.24,34.4175,32.3825,32.01,29.2625,28.86,27.1875,26.74,26.325,25.8175,24.945,23.375,23.4375,22.93,22.3225,22.0875,21.455,21.4725,21.1275,20.6875,20.4375,20.2075,19.8625,19.8,19.48,19.4525,18.71,18.5825,18.66,18.6875,18.615,18.54,18.345
96,Diamond,97,63.375,62.31,62.115,61.3025,60.3375,59.0525,57.55,55.8075,54.165,51.7875,50.275,48.1025,45.5525,43.6,42.62,40.8675,39.345,38.5125,35.8175,34.9625,33.115,32.4725,30.7225,30.7725,29.61,28.98,27.2175,26.2775,25.86,25.32,24.1225,23.835,23.64,23.3425,23.1975,22.1875,21.54,21.425,20.9925,20.1575,20.1025,19.9925,19.5,19.3075,19.775,18.355,18.6725,17.9425,17.53,17.68,17.6425
97,Diamond,98,64.375,63.2425,61.72,60.5275,59.1875,57.4475,55.5425,52.5875,51.055,48.315,45.9475,43.17,42.85,39.785,38.5625,36.8375,35.7925,33.035,31.945,31.4325,30.4875,29.47,29.775,27.73,26.59,26.2675,25.4575,24.25,23.9175,22.865,22.1725,22.575,22.565,21.5525,20.905,20.4775,20.2025,18.9775,19.1,19.5775,19.1125,19.055,18.0725,18.6725,18.385,18.0725,17.255,17.465,17.2775,16.6525,16.71
98,Diamond,99,59.5,58.91,57.95,56.405,55.51,54.8,53.5075,52.19,50.8075,49.635,48.04,46.355,45.1825,42.16,40.8575,39.085,37.4575,35.1675,33.2575,31.7525,29.98,26.735,27.4875,25.8475,24.75,24.725,22.7725,22.2,21.6225,19.84,20.5425,20.5175,19.9425,18.3375,18.2825,18.075,17.525,17.48,16.81,16.8525,16.3075,16.2925,16.085,15.915,15.5025,15.58,14.815,15.195,14.905,14.7725,14.075
99,Diamond,100,61.75000000000001,61.39,60.2975,58.92,56.795,54.54,52.1075,50.5625,48.47,46.695,44.6175,42.3275,41.285,39.7475,37.3825,36.355,34.925,33.43,33.8525,31.61,32.4325,30.8075,30.1025,29.2075,28.545,28.4725,27.855,26.715,25.835,24.795,25.38,24.2675,24.29,23.87,23.2925,23.4175,22.245,21.98,21.8725,22.3975,21.2625,21.1975,20.995,20.4075,20.185,20.9025,20.2525,20.4575,19.865,19.26,19.0575
Median,,50.5,62.75,62.02625,61.33,60.365,59.1725,57.49625,55.7975,53.973749999999995,52.43,49.74375,48.075,46.21,44.24125,42.2375,40.23625,38.68875,37.24125,35.651250000000005,33.985,32.65875,31.96625,30.42625,29.424999999999997,28.5075,27.79,27.13,26.4625,25.745,24.9725,24.5275,23.572499999999998,23.1725,22.802500000000002,22.44375,21.759999999999998,21.67125,21.38875,20.7625,20.49125,20.0975,19.9075,19.4375,19.40625,19.05125,18.4825,18.5675,18.3725,17.96,17.792499999999997,17.64,17.51125
Max,,100.0,68.25,67.475,66.58,65.8375,64.6825,63.435,61.53,60.685,58.7775,56.995,55.5725,53.34,51.8375,50.1975,48.5,46.725,45.81,44.66,42.475,41.17,39.9325,38.67,38.38,35.14,34.45,33.5575,33.0575,31.8025,30.795,30.2225,29.815,29.25,29.055,28.005,27.94,27.3975,26.6975,26.88,26.4375,26.3025,25.2325,24.495,24.1625,24.535,24.2975,23.535,23.4375,23.35,23.29,22.55,22.2875
Min,,1.0,56.75,54.715,53.315,52.0525,50.6025,48.625,46.89,44.45,42.0875,40.69,37.785,35.2725,33.3775,31.6825,30.1475,28.38,26.945,26.0425,24.5,23.05,22.575,21.3675,21.2125,19.735,18.775,18.83,18.185,17.0325,17.18,16.5225,15.975,15.4125,15.48,14.48,14.9325,14.1775,13.52,13.695,13.14,12.8425,12.34,12.645,12.7275,12.595,12.155,11.87,11.58,11.8975,11.6525,11.2325,10.9875
